Algorithm,Run,Time (ms),R,Latitude,Longitude,ax,ay,az
Belikov,1,13.6747,6.09909e+06,-11.8986,92.73,0.499732,-10.4876,2.22021
Cunningham,1,13.5931,6.09909e+06,-11.8986,92.73,0.499732,-10.4876,2.22021
Stokes_1thread,1,13.2288,6.09909e+06,-11.8986,92.73,0.499732,-10.4876,2.22021
Stokes_multithread,1,14.7977,6.09909e+06,-11.8986,92.73,0.499732,-10.4876,2.22021
Belikov,2,13.3481,6.49921e+06,-76.7399,-101.773,0.43926,2.10649,9.15996
Cunningham,2,13.8702,6.49921e+06,-76.7399,-101.773,0.43926,2.10637,9.15996
Stokes_1thread,2,13.3172,6.49921e+06,-76.7399,-101.773,0.43926,2.10649,9.15996
Stokes_multithread,2,13.309,6.49921e+06,-76.7399,-101.773,0.43926,2.10649,9.15996
Belikov,3,13.3793,6.89362e+06,-80.2635,-155.84,1.28741,0.577464,8.24534
Cunningham,3,13.6962,6.89362e+06,-80.2635,-155.84,1.28741,0.577332,8.24534
Stokes_1thread,3,13.2628,6.89362e+06,-80.2635,-155.84,1.28741,0.577464,8.24534
Stokes_multithread,3,13.6386,6.89362e+06,-80.2635,-155.84,1.28741,0.577464,8.24534
Belikov,4,13.3817,6.05127e+06,-21.6148,-125.965,5.94681,8.19547,4.02666
Cunningham,4,13.0564,6.05127e+06,-21.6148,-125.965,5.94681,8.19557,4.02666
Stokes_1thread,4,13.3448,6.05127e+06,-21.6148,-125.965,5.94681,8.19547,4.02666
Stokes_multithread,4,13.8029,6.05127e+06,-21.6148,-125.965,5.94681,8.19547,4.02666
Belikov,5,13.3367,6.57068e+06,29.5469,-154.236,7.23084,3.48997,-4.56533
Cunningham,5,13.3562,6.57068e+06,29.5469,-154.236,7.23084,3.49002,-4.56533
Stokes_1thread,5,13.35,6.57068e+06,29.5469,-154.236,7.23084,3.48997,-4.56533
Stokes_multithread,5,13.6152,6.57068e+06,29.5469,-154.236,7.23084,3.48997,-4.56533
Belikov,6,13.3262,6.6636e+06,41.9205,-81.0868,-1.033,6.58645,-6.00407
Cunningham,6,13.2058,6.6636e+06,41.9205,-81.0868,-1.033,6.5865,-6.00407
Stokes_1thread,6,13.497,6.6636e+06,41.9205,-81.0868,-1.033,6.58645,-6.00407
Stokes_multithread,6,13.4661,6.6636e+06,41.9205,-81.0868,-1.033,6.58645,-6.00407
Belikov,7,13.4194,6.51014e+06,49.2376,-169.146,6.01341,1.15298,-7.1249
Cunningham,7,13.442,6.51014e+06,49.2376,-169.146,6.01341,1.15296,-7.1249
Stokes_1thread,7,13.3721,6.51014e+06,49.2376,-169.146,6.01341,1.15298,-7.1249
Stokes_multithread,7,13.4794,6.51014e+06,49.2376,-169.146,6.01341,1.15298,-7.1249
Belikov,8,13.4162,6.05417e+06,-33.1803,-130.683,5.92784,6.89582,5.96762
Cunningham,8,13.3873,6.05417e+06,-33.1803,-130.683,5.92784,6.89593,5.96762
Stokes_1thread,8,13.399,6.05417e+06,-33.1803,-130.683,5.92784,6.89582,5.96762
Stokes_multithread,8,13.6655,6.05417e+06,-33.1803,-130.683,5.92784,6.89582,5.96762
Belikov,9,13.3851,6.14437e+06,46.8449,-176.247,7.18509,0.47122,-7.70646
Cunningham,9,13.5161,6.14437e+06,46.8449,-176.247,7.18509,0.471181,-7.70646
Stokes_1thread,9,13.5381,6.14437e+06,46.8449,-176.247,7.18509,0.47122,-7.70646
Stokes_multithread,9,13.4569,6.14437e+06,46.8449,-176.247,7.18509,0.47122,-7.70646
Belikov,10,13.4331,6.71703e+06,28.769,69.8934,-2.66147,-7.27037,-4.26322
Cunningham,10,13.3833,6.71703e+06,28.769,69.8934,-2.66147,-7.27032,-4.26322
Stokes_1thread,10,13.3973,6.71703e+06,28.769,69.8934,-2.66147,-7.27037,-4.26322
Stokes_multithread,10,13.4377,6.71703e+06,28.769,69.8934,-2.66147,-7.27037,-4.26322
Belikov,11,13.4141,6.85463e+06,30.0773,-128.891,4.60726,5.71171,-4.26191
Cunningham,11,13.4163,6.85463e+06,30.0773,-128.891,4.60726,5.71175,-4.26191
Stokes_1thread,11,13.4091,6.85463e+06,30.0773,-128.891,4.60726,5.71171,-4.26191
Stokes_multithread,11,13.4252,6.85463e+06,30.0773,-128.891,4.60726,5.71171,-4.26191
Belikov,12,13.3374,6.31872e+06,-28.6262,-137.817,6.49178,5.88289,4.79762
Cunningham,12,13.2322,6.31872e+06,-28.6262,-137.817,6.49178,5.88298,4.79762
Stokes_1thread,12,13.4321,6.31872e+06,-28.6262,-137.817,6.49178,5.88289,4.79762
Stokes_multithread,12,13.4229,6.31872e+06,-28.6262,-137.817,6.49178,5.88289,4.79762
Belikov,13,13.4137,6.40748e+06,68.7524,-107.601,1.05813,3.33583,-9.02894
Cunningham,13,13.3471,6.40748e+06,68.7524,-107.601,1.05813,3.33578,-9.02894
Stokes_1thread,13,13.3831,6.40748e+06,68.7524,-107.601,1.05813,3.33583,-9.02894
Stokes_multithread,13,13.439,6.40748e+06,68.7524,-107.601,1.05813,3.33583,-9.02894
Belikov,14,13.3911,6.89707e+06,-21.7428,87.7756,-0.302185,-7.78057,3.11386
Cunningham,14,13.4117,6.89707e+06,-21.7428,87.7756,-0.302185,-7.78054,3.11386
Stokes_1thread,14,13.3869,6.89707e+06,-21.7428,87.7756,-0.302185,-7.78057,3.11386
Stokes_multithread,14,13.4771,6.89707e+06,-21.7428,87.7756,-0.302185,-7.78057,3.11386
Belikov,15,13.4783,6.47637e+06,-24.5393,98.1376,1.2239,-8.55945,3.96002
Cunningham,15,13.2685,6.47637e+06,-24.5393,98.1376,1.2239,-8.55939,3.96002
Stokes_1thread,15,13.7179,6.47637e+06,-24.5393,98.1376,1.2239,-8.55945,3.96002
Stokes_multithread,15,13.562,6.47637e+06,-24.5393,98.1376,1.2239,-8.55945,3.96002
Belikov,16,13.7168,6.16048e+06,-28.7875,-142.758,7.32561,5.56903,5.07395
Cunningham,16,13.4647,6.16048e+06,-28.7875,-142.758,7.32561,5.56914,5.07395
Stokes_1thread,16,13.6287,6.16048e+06,-28.7875,-142.758,7.32561,5.56903,5.07395
Stokes_multithread,16,13.6206,6.16048e+06,-28.7875,-142.758,7.32561,5.56903,5.07395
Belikov,17,13.4766,6.03802e+06,35.7043,154.907,8.03004,-3.75998,-6.39557
Cunningham,17,13.4473,6.03802e+06,35.7043,154.907,8.03004,-3.75986,-6.39557
Stokes_1thread,17,13.3648,6.03802e+06,35.7043,154.907,8.03004,-3.75998,-6.39557
Stokes_multithread,17,13.9185,6.03802e+06,35.7043,154.907,8.03004,-3.75998,-6.39557
Belikov,18,13.4477,6.54519e+06,-62.7377,-10.8049,-4.16748,0.795373,8.25889
Cunningham,18,13.5537,6.54519e+06,-62.7377,-10.8049,-4.16748,0.795403,8.25889
Stokes_1thread,18,13.4548,6.54519e+06,-62.7377,-10.8049,-4.16748,0.795373,8.25889
Stokes_multithread,18,13.627,6.54519e+06,-62.7377,-10.8049,-4.16748,0.795373,8.25889
Belikov,19,13.5944,6.15061e+06,65.7929,-128.246,2.65951,3.37455,-9.59064
Cunningham,19,13.649,6.15061e+06,65.7929,-128.246,2.65951,3.37465,-9.59064
Stokes_1thread,19,14.0312,6.15061e+06,65.7929,-128.246,2.65951,3.37455,-9.59064
Stokes_multithread,19,13.5589,6.15061e+06,65.7929,-128.246,2.65951,3.37455,-9.59064
Belikov,20,13.5081,6.07292e+06,58.2408,113.335,2.24246,-5.19911,-9.17931
Cunningham,20,13.4561,6.07292e+06,58.2408,113.335,2.24246,-5.19899,-9.17931
Stokes_1thread,20,13.4488,6.07292e+06,58.2408,113.335,2.24246,-5.19911,-9.17931
Stokes_multithread,20,13.4486,6.07292e+06,58.2408,113.335,2.24246,-5.19911,-9.17931
Belikov,21,14.4025,6.96147e+06,-89.603,-32.4353,-0.047697,0.0304486,8.20233
Cunningham,21,13.7509,6.96147e+06,-89.603,-32.4353,-0.047697,0.0303068,8.20233
Stokes_1thread,21,13.8009,6.96147e+06,-89.603,-32.4353,-0.047697,0.0304486,8.20233
Stokes_multithread,21,13.5158,6.96147e+06,-89.603,-32.4353,-0.047697,0.0304486,8.20233
Belikov,22,13.3959,6.27593e+06,82.7698,82.8832,-0.156602,-1.25575,-10.0074
Cunningham,22,13.4272,6.27593e+06,82.7698,82.8832,-0.156602,-1.25584,-10.0074
Stokes_1thread,22,13.8745,6.27593e+06,82.7698,82.8832,-0.156602,-1.25575,-10.0074
Stokes_multithread,22,13.4359,6.27593e+06,82.7698,82.8832,-0.156602,-1.25575,-10.0074
Belikov,23,13.4076,6.86284e+06,-67.6421,109.754,1.08321,-3.01588,7.81284
Cunningham,23,13.423,6.86284e+06,-67.6421,109.754,1.08321,-3.0159,7.81284
Stokes_1thread,23,13.3847,6.86284e+06,-67.6421,109.754,1.08321,-3.01588,7.81284
Stokes_multithread,23,13.4308,6.86284e+06,-67.6421,109.754,1.08321,-3.01588,7.81284
Belikov,24,13.4076,6.40349e+06,74.6506,-140.52,1.97439,1.62655,-9.3492
Cunningham,24,13.4737,6.40349e+06,74.6506,-140.52,1.97439,1.62655,-9.3492
Stokes_1thread,24,13.3345,6.40349e+06,74.6506,-140.52,1.97439,1.62655,-9.3492
Stokes_multithread,24,14.3314,6.40349e+06,74.6506,-140.52,1.97439,1.62655,-9.3492
Belikov,25,13.4203,6.14745e+06,-34.0987,-106.499,2.47797,8.36596,5.92797
Cunningham,25,13.4171,6.14745e+06,-34.0987,-106.499,2.47797,8.36604,5.92797
Stokes_1thread,25,13.2571,6.14745e+06,-34.0987,-106.499,2.47797,8.36596,5.92797
Stokes_multithread,25,13.8574,6.14745e+06,-34.0987,-106.499,2.47797,8.36596,5.92797
Belikov,26,13.6251,6.42475e+06,-14.1446,-121.273,4.86649,8.01228,2.36998
Cunningham,26,13.38,6.42475e+06,-14.1446,-121.273,4.86649,8.01226,2.36998
Stokes_1thread,26,13.4245,6.42475e+06,-14.1446,-121.273,4.86649,8.01228,2.36998
Stokes_multithread,26,13.4981,6.42475e+06,-14.1446,-121.273,4.86649,8.01228,2.36998
Belikov,27,13.4444,6.56196e+06,-83.0471,131.226,0.73427,-0.837626,9.16167
Cunningham,27,13.3366,6.56196e+06,-83.0471,131.226,0.73427,-0.837855,9.16167
Stokes_1thread,27,13.2977,6.56196e+06,-83.0471,131.226,0.73427,-0.837626,9.16167
Stokes_multithread,27,13.4768,6.56196e+06,-83.0471,131.226,0.73427,-0.837626,9.16167
Belikov,28,13.8355,6.92521e+06,-83.0639,-132.346,0.672579,0.737812,8.22848
Cunningham,28,13.4405,6.92521e+06,-83.0639,-132.346,0.672579,0.73768,8.22848
Stokes_1thread,28,13.4198,6.92521e+06,-83.0639,-132.346,0.672579,0.737812,8.22848
Stokes_multithread,28,13.784,6.92521e+06,-83.0639,-132.346,0.672579,0.737812,8.22848
Belikov,29,13.3768,6.43678e+06,-75.403,73.5738,-0.681409,-2.31192,9.28525
Cunningham,29,13.2992,6.43678e+06,-75.403,73.5738,-0.681409,-2.3121,9.28525
Stokes_1thread,29,13.3962,6.43678e+06,-75.403,73.5738,-0.681409,-2.31192,9.28525
Stokes_multithread,29,13.7594,6.43678e+06,-75.403,73.5738,-0.681409,-2.31192,9.28525
Belikov,30,13.3607,6.45074e+06,-82.1979,-109.323,0.427842,1.21947,9.46139
Cunningham,30,13.3811,6.45074e+06,-82.1979,-109.323,0.427842,1.2193,9.46139
Stokes_1thread,30,13.4114,6.45074e+06,-82.1979,-109.323,0.427842,1.21947,9.46139
Stokes_multithread,30,13.5515,6.45074e+06,-82.1979,-109.323,0.427842,1.21947,9.46139
Belikov,31,13.4461,6.54522e+06,54.4687,123.791,2.99646,-4.47789,-7.56831
Cunningham,31,13.3887,6.54522e+06,54.4687,123.791,2.99646,-4.47787,-7.56831
Stokes_1thread,31,13.1626,6.54522e+06,54.4687,123.791,2.99646,-4.47789,-7.56831
Stokes_multithread,31,13.4964,6.54522e+06,54.4687,123.791,2.99646,-4.47789,-7.56831
Belikov,32,13.4141,6.44546e+06,-27.7778,-47.2124,-5.76567,6.22885,4.48513
Cunningham,32,13.4183,6.44546e+06,-27.7778,-47.2124,-5.76567,6.22887,4.48513
Stokes_1thread,32,13.4233,6.44546e+06,-27.7778,-47.2124,-5.76567,6.22885,4.48513
Stokes_multithread,32,14.0968,6.44546e+06,-27.7778,-47.2124,-5.76567,6.22885,4.48513
Belikov,33,13.4032,6.04087e+06,-20.7565,116.214,4.51427,-9.16931,3.88801
Cunningham,33,13.3156,6.04087e+06,-20.7565,116.214,4.51427,-9.16935,3.88801
Stokes_1thread,33,13.4185,6.04087e+06,-20.7565,116.214,4.51427,-9.16931,3.88801
Stokes_multithread,33,13.4866,6.04087e+06,-20.7565,116.214,4.51427,-9.16931,3.88801
Belikov,34,13.427,6.64682e+06,-65.2111,-151.601,3.31189,1.79057,8.17691
Cunningham,34,13.3985,6.64682e+06,-65.2111,-151.601,3.31189,1.79057,8.17691
Stokes_1thread,34,13.3767,6.64682e+06,-65.2111,-151.601,3.31189,1.79057,8.17691
Stokes_multithread,34,13.8276,6.64682e+06,-65.2111,-151.601,3.31189,1.79057,8.17691
Belikov,35,13.9139,6.619e+06,35.4568,131.532,4.90863,-5.54215,-5.28837
Cunningham,35,13.8605,6.619e+06,35.4568,131.532,4.90863,-5.5421,-5.28837
Stokes_1thread,35,13.5205,6.619e+06,35.4568,131.532,4.90863,-5.54215,-5.28837
Stokes_multithread,35,14.0033,6.619e+06,35.4568,131.532,4.90863,-5.54215,-5.28837
Belikov,36,13.3529,6.97113e+06,3.60277,-145.054,6.71893,4.69538,-0.517546
Cunningham,36,13.3627,6.97113e+06,3.60277,-145.054,6.71893,4.69533,-0.517546
Stokes_1thread,36,13.3495,6.97113e+06,3.60277,-145.054,6.71893,4.69538,-0.517546
Stokes_multithread,36,13.453,6.97113e+06,3.60277,-145.054,6.71893,4.69538,-0.517546
Belikov,37,13.4559,6.02223e+06,-63.3262,-39.568,-3.78267,3.12575,9.80343
Cunningham,37,13.3993,6.02223e+06,-63.3262,-39.568,-3.78267,3.12581,9.80343
Stokes_1thread,37,13.4886,6.02223e+06,-63.3262,-39.568,-3.78267,3.12575,9.80343
Stokes_multithread,37,13.5092,6.02223e+06,-63.3262,-39.568,-3.78267,3.12575,9.80343
Belikov,38,13.4217,6.11698e+06,-80.7491,141.154,1.32496,-1.06661,10.4793
Cunningham,38,13.3909,6.11698e+06,-80.7491,141.154,1.32496,-1.06697,10.4793
Stokes_1thread,38,13.4781,6.11698e+06,-80.7491,141.154,1.32496,-1.06661,10.4793
Stokes_multithread,38,13.781,6.11698e+06,-80.7491,141.154,1.32496,-1.06661,10.4793
Belikov,39,13.6505,6.9111e+06,-35.8467,174.893,6.73108,-0.601567,4.89606
Cunningham,39,13.7475,6.9111e+06,-35.8467,174.893,6.73108,-0.601521,4.89606
Stokes_1thread,39,13.8941,6.9111e+06,-35.8467,174.893,6.73108,-0.601567,4.89606
Stokes_multithread,39,13.4576,6.9111e+06,-35.8467,174.893,6.73108,-0.601567,4.89606
Belikov,40,13.4915,6.55483e+06,-54.8053,-51.9572,-3.28325,4.19592,7.57733
Cunningham,40,13.5038,6.55483e+06,-54.8053,-51.9572,-3.28325,4.19595,7.57733
Stokes_1thread,40,13.8882,6.55483e+06,-54.8053,-51.9572,-3.28325,4.19592,7.57733
Stokes_multithread,40,13.7618,6.55483e+06,-54.8053,-51.9572,-3.28325,4.19592,7.57733
Belikov,41,13.7054,6.01036e+06,66.6833,137.033,3.1769,-2.9593,-10.1105
Cunningham,41,13.3611,6.01036e+06,66.6833,137.033,3.1769,-2.95907,-10.1105
Stokes_1thread,41,13.4205,6.01036e+06,66.6833,137.033,3.1769,-2.9593,-10.1105
Stokes_multithread,41,13.5096,6.01036e+06,66.6833,137.033,3.1769,-2.9593,-10.1105
Belikov,42,13.3871,6.73926e+06,81.9655,-178.873,1.21955,0.0239905,-8.66621
Cunningham,42,13.4182,6.73926e+06,81.9655,-178.873,1.21955,0.0239585,-8.66621
Stokes_1thread,42,13.4277,6.73926e+06,81.9655,-178.873,1.21955,0.0239905,-8.66621
Stokes_multithread,42,13.5775,6.73926e+06,81.9655,-178.873,1.21955,0.0239905,-8.66621
Belikov,43,13.4358,6.50368e+06,-56.8319,-134.168,3.57816,3.6836,7.88205
Cunningham,43,13.3199,6.50368e+06,-56.8319,-134.168,3.57816,3.68362,7.88205
Stokes_1thread,43,13.3538,6.50368e+06,-56.8319,-134.168,3.57816,3.6836,7.88205
Stokes_multithread,43,13.4078,6.50368e+06,-56.8319,-134.168,3.57816,3.6836,7.88205
Belikov,44,13.4134,6.24924e+06,-74.9836,67.8083,-0.992465,-2.4334,9.83064
Cunningham,44,13.4095,6.24924e+06,-74.9836,67.8083,-0.992465,-2.43361,9.83064
Stokes_1thread,44,13.3738,6.24924e+06,-74.9836,67.8083,-0.992465,-2.4334,9.83064
Stokes_multithread,44,13.5068,6.24924e+06,-74.9836,67.8083,-0.992465,-2.4334,9.83064
Belikov,45,13.4158,6.63825e+06,-15.4375,-3.65393,-8.70982,0.556241,2.41736
Cunningham,45,13.3957,6.63825e+06,-15.4375,-3.65393,-8.70982,0.556215,2.41736
Stokes_1thread,45,13.4444,6.63825e+06,-15.4375,-3.65393,-8.70982,0.556241,2.41736
Stokes_multithread,45,13.6947,6.63825e+06,-15.4375,-3.65393,-8.70982,0.556241,2.41736
Belikov,46,13.2571,6.05353e+06,34.6059,177.739,8.9356,-0.352912,-6.19284
Cunningham,46,13.3538,6.05353e+06,34.6059,177.739,8.9356,-0.352798,-6.19284
Stokes_1thread,46,13.4504,6.05353e+06,34.6059,177.739,8.9356,-0.352912,-6.19284
Stokes_multithread,46,13.8139,6.05353e+06,34.6059,177.739,8.9356,-0.352912,-6.19284
Belikov,47,13.376,6.77895e+06,-35.9866,164.465,6.75497,-1.8778,5.10625
Cunningham,47,13.3264,6.77895e+06,-35.9866,164.465,6.75497,-1.87775,5.10625
Stokes_1thread,47,13.3103,6.77895e+06,-35.9866,164.465,6.75497,-1.8778,5.10625
Stokes_multithread,47,13.4001,6.77895e+06,-35.9866,164.465,6.75497,-1.8778,5.10625
Belikov,48,13.399,6.73407e+06,22.9282,-141.015,6.2947,5.0947,-3.43557
Cunningham,48,13.4858,6.73407e+06,22.9282,-141.015,6.2947,5.09473,-3.43557
Stokes_1thread,48,13.3733,6.73407e+06,22.9282,-141.015,6.2947,5.0947,-3.43557
Stokes_multithread,48,13.4619,6.73407e+06,22.9282,-141.015,6.2947,5.0947,-3.43557
Belikov,49,13.4529,6.46753e+06,3.60554,15.5348,-9.17717,-2.55119,-0.602084
Cunningham,49,13.3027,6.46753e+06,3.60554,15.5348,-9.17717,-2.55121,-0.602084
Stokes_1thread,49,13.4293,6.46753e+06,3.60554,15.5348,-9.17717,-2.55119,-0.602084
Stokes_multithread,49,13.5581,6.46753e+06,3.60554,15.5348,-9.17717,-2.55119,-0.602084
Belikov,50,13.3362,6.0104e+06,-12.2416,-147.74,9.13145,5.76392,2.35163
Cunningham,50,13.3133,6.0104e+06,-12.2416,-147.74,9.13145,5.76385,2.35163
Stokes_1thread,50,13.6073,6.0104e+06,-12.2416,-147.74,9.13145,5.76392,2.35163
Stokes_multithread,50,13.612,6.0104e+06,-12.2416,-147.74,9.13145,5.76392,2.35163
Belikov,51,14.1743,6.59095e+06,24.4709,-26.1337,-7.49941,3.67949,-3.81324
Cunningham,51,13.5116,6.59095e+06,24.4709,-26.1337,-7.49941,3.67953,-3.81324
Stokes_1thread,51,14.0207,6.59095e+06,24.4709,-26.1337,-7.49941,3.67949,-3.81324
Stokes_multithread,51,13.6982,6.59095e+06,24.4709,-26.1337,-7.49941,3.67949,-3.81324
Belikov,52,13.6655,6.31713e+06,-4.7756,-37.3142,-7.92894,6.04354,0.835656
Cunningham,52,13.5645,6.31713e+06,-4.7756,-37.3142,-7.92894,6.04351,0.835656
Stokes_1thread,52,13.5809,6.31713e+06,-4.7756,-37.3142,-7.92894,6.04354,0.835656
Stokes_multithread,52,14.8853,6.31713e+06,-4.7756,-37.3142,-7.92894,6.04354,0.835656
Belikov,53,13.7674,6.94285e+06,-46.3345,-175.227,5.67689,0.47402,5.985
Cunningham,53,13.6216,6.94285e+06,-46.3345,-175.227,5.67689,0.474088,5.985
Stokes_1thread,53,13.571,6.94285e+06,-46.3345,-175.227,5.67689,0.47402,5.985
Stokes_multithread,53,13.6966,6.94285e+06,-46.3345,-175.227,5.67689,0.47402,5.985
Belikov,54,13.5477,6.89257e+06,39.033,-150.704,5.67601,3.18478,-5.2913
Cunningham,54,13.5523,6.89257e+06,39.033,-150.704,5.67601,3.18481,-5.2913
Stokes_1thread,54,13.3388,6.89257e+06,39.033,-150.704,5.67601,3.18478,-5.2913
Stokes_multithread,54,13.5407,6.89257e+06,39.033,-150.704,5.67601,3.18478,-5.2913
Belikov,55,13.4915,6.52904e+06,44.2036,23.951,-6.11242,-2.71526,-6.52519
Cunningham,55,13.3265,6.52904e+06,44.2036,23.951,-6.11242,-2.71525,-6.52519
Stokes_1thread,55,13.4396,6.52904e+06,44.2036,23.951,-6.11242,-2.71526,-6.52519
Stokes_multithread,55,13.4965,6.52904e+06,44.2036,23.951,-6.11242,-2.71526,-6.52519
Belikov,56,13.5115,6.21845e+06,-70.0852,101.454,0.693444,-3.42108,9.66809
Cunningham,56,13.3618,6.21845e+06,-70.0852,101.454,0.693444,-3.42118,9.66809
Stokes_1thread,56,13.3967,6.21845e+06,-70.0852,101.454,0.693444,-3.42108,9.66809
Stokes_multithread,56,13.5036,6.21845e+06,-70.0852,101.454,0.693444,-3.42108,9.66809
Belikov,57,13.3983,6.25122e+06,25.9743,-96.4567,1.03127,9.11228,-4.48282
Cunningham,57,13.6382,6.25122e+06,25.9743,-96.4567,1.03127,9.11235,-4.48282
Stokes_1thread,57,13.5551,6.25122e+06,25.9743,-96.4567,1.03127,9.11228,-4.48282
Stokes_multithread,57,13.5556,6.25122e+06,25.9743,-96.4567,1.03127,9.11228,-4.48282
Belikov,58,13.4919,6.20024e+06,-31.7135,-32.6353,-7.42281,4.75371,5.46552
Cunningham,58,13.4064,6.20024e+06,-31.7135,-32.6353,-7.42281,4.75372,5.46552
Stokes_1thread,58,13.3138,6.20024e+06,-31.7135,-32.6353,-7.42281,4.75371,5.46552
Stokes_multithread,58,14.0908,6.20024e+06,-31.7135,-32.6353,-7.42281,4.75371,5.46552
Belikov,59,13.3962,6.95301e+06,-86.4318,-19.8158,-0.479995,0.173049,8.20676
Cunningham,59,13.4569,6.95301e+06,-86.4318,-19.8158,-0.479995,0.172926,8.20676
Stokes_1thread,59,13.4168,6.95301e+06,-86.4318,-19.8158,-0.479995,0.173049,8.20676
Stokes_multithread,59,13.4404,6.95301e+06,-86.4318,-19.8158,-0.479995,0.173049,8.20676
Belikov,60,14.0606,6.6029e+06,-28.0856,-76.6039,-1.86835,7.84535,4.31667
Cunningham,60,13.4372,6.6029e+06,-28.0856,-76.6039,-1.86835,7.84537,4.31667
Stokes_1thread,60,13.4574,6.6029e+06,-28.0856,-76.6039,-1.86835,7.84535,4.31667
Stokes_multithread,60,13.4416,6.6029e+06,-28.0856,-76.6039,-1.86835,7.84535,4.31667
Belikov,61,13.6859,6.23586e+06,-89.2272,-46.0684,-0.0949885,0.0990023,10.2147
Cunningham,61,13.4009,6.23586e+06,-89.2272,-46.0684,-0.0949885,0.0987293,10.2147
Stokes_1thread,61,13.5872,6.23586e+06,-89.2272,-46.0684,-0.0949885,0.0990023,10.2147
Stokes_multithread,61,13.4916,6.23586e+06,-89.2272,-46.0684,-0.0949885,0.0990023,10.2147
Belikov,62,13.4654,6.12378e+06,-70.2946,89.8007,-0.0120732,-3.56233,9.98163
Cunningham,62,13.4223,6.12378e+06,-70.2946,89.8007,-0.0120732,-3.56247,9.98163
Stokes_1thread,62,13.4458,6.12378e+06,-70.2946,89.8007,-0.0120732,-3.56233,9.98163
Stokes_multithread,62,13.4116,6.12378e+06,-70.2946,89.8007,-0.0120732,-3.56233,9.98163
Belikov,63,13.4484,6.99461e+06,-17.3952,138.347,5.81341,-5.17122,2.44433
Cunningham,63,13.4634,6.99461e+06,-17.3952,138.347,5.81341,-5.17126,2.44433
Stokes_1thread,63,13.493,6.99461e+06,-17.3952,138.347,5.81341,-5.17122,2.44433
Stokes_multithread,63,13.4832,6.99461e+06,-17.3952,138.347,5.81341,-5.17122,2.44433
Belikov,64,13.4298,6.75241e+06,-44.2584,52.9916,-3.76104,-4.98958,6.10619
Cunningham,64,13.4446,6.75241e+06,-44.2584,52.9916,-3.76104,-4.98953,6.10619
Stokes_1thread,64,13.4183,6.75241e+06,-44.2584,52.9916,-3.76104,-4.98958,6.10619
Stokes_multithread,64,14.0716,6.75241e+06,-44.2584,52.9916,-3.76104,-4.98958,6.10619
Belikov,65,13.3331,6.90064e+06,-15.3482,94.268,0.601157,-8.0568,2.22368
Cunningham,65,13.7964,6.90064e+06,-15.3482,94.268,0.601157,-8.05682,2.22368
Stokes_1thread,65,13.4197,6.90064e+06,-15.3482,94.268,0.601157,-8.0568,2.22368
Stokes_multithread,65,13.4645,6.90064e+06,-15.3482,94.268,0.601157,-8.0568,2.22368
Belikov,66,14.0601,6.1097e+06,37.7241,103.247,1.93221,-8.20827,-6.54633
Cunningham,66,13.4503,6.1097e+06,37.7241,103.247,1.93221,-8.20824,-6.54633
Stokes_1thread,66,13.4425,6.1097e+06,37.7241,103.247,1.93221,-8.20827,-6.54633
Stokes_multithread,66,13.4569,6.1097e+06,37.7241,103.247,1.93221,-8.20827,-6.54633
Belikov,67,13.4703,6.93539e+06,-53.7134,-168.07,4.78351,1.0107,6.67754
Cunningham,67,13.4685,6.93539e+06,-53.7134,-168.07,4.78351,1.01075,6.67754
Stokes_1thread,67,13.4715,6.93539e+06,-53.7134,-168.07,4.78351,1.0107,6.67754
Stokes_multithread,67,13.5215,6.93539e+06,-53.7134,-168.07,4.78351,1.0107,6.67754
Belikov,68,14.0427,6.0422e+06,66.5934,-61.7065,-2.0434,3.79747,-9.9976
Cunningham,68,14.2035,6.0422e+06,66.5934,-61.7065,-2.0434,3.79717,-9.9976
Stokes_1thread,68,13.6391,6.0422e+06,66.5934,-61.7065,-2.0434,3.79747,-9.9976
Stokes_multithread,68,13.4123,6.0422e+06,66.5934,-61.7065,-2.0434,3.79747,-9.9976
Belikov,69,13.9343,6.62173e+06,56.1597,-7.01247,-5.00616,0.615672,-7.54571
Cunningham,69,13.3568,6.62173e+06,56.1597,-7.01247,-5.00616,0.615644,-7.54571
Stokes_1thread,69,13.4251,6.62173e+06,56.1597,-7.01247,-5.00616,0.615672,-7.54571
Stokes_multithread,69,13.4894,6.62173e+06,56.1597,-7.01247,-5.00616,0.615672,-7.54571
Belikov,70,13.4282,6.7882e+06,13.8397,-149.542,7.24749,4.26198,-2.07735
Cunningham,70,13.44,6.7882e+06,13.8397,-149.542,7.24749,4.26196,-2.07735
Stokes_1thread,70,13.4824,6.7882e+06,13.8397,-149.542,7.24749,4.26198,-2.07735
Stokes_multithread,70,13.5134,6.7882e+06,13.8397,-149.542,7.24749,4.26198,-2.07735
Belikov,71,13.5952,6.1814e+06,-77.934,-49.6285,-1.40309,1.65049,10.1701
Cunningham,71,13.4618,6.1814e+06,-77.934,-49.6285,-1.40309,1.65043,10.1701
Stokes_1thread,71,13.9663,6.1814e+06,-77.934,-49.6285,-1.40309,1.65049,10.1701
Stokes_multithread,71,13.483,6.1814e+06,-77.934,-49.6285,-1.40309,1.65049,10.1701
Belikov,72,13.455,6.98338e+06,34.515,65.8873,-2.74901,-6.14203,-4.63992
Cunningham,72,13.5253,6.98338e+06,34.515,65.8873,-2.74901,-6.14199,-4.63992
Stokes_1thread,72,13.4963,6.98338e+06,34.515,65.8873,-2.74901,-6.14203,-4.63992
Stokes_multithread,72,13.5286,6.98338e+06,34.515,65.8873,-2.74901,-6.14203,-4.63992
Belikov,73,13.4381,6.73473e+06,49.8255,-85.0281,-0.489969,5.63211,-6.71547
Cunningham,73,13.6311,6.73473e+06,49.8255,-85.0281,-0.489969,5.63212,-6.71547
Stokes_1thread,73,13.438,6.73473e+06,49.8255,-85.0281,-0.489969,5.63211,-6.71547
Stokes_multithread,73,13.8469,6.73473e+06,49.8255,-85.0281,-0.489969,5.63211,-6.71547
Belikov,74,13.3496,6.60286e+06,-4.2554,-56.6665,-5.01765,7.62865,0.681316
Cunningham,74,13.5119,6.60286e+06,-4.2554,-56.6665,-5.01765,7.62861,0.681316
Stokes_1thread,74,13.4246,6.60286e+06,-4.2554,-56.6665,-5.01765,7.62865,0.681316
Stokes_multithread,74,13.4918,6.60286e+06,-4.2554,-56.6665,-5.01765,7.62865,0.681316
Belikov,75,13.4582,6.5666e+06,31.3826,-120.98,4.05992,6.76197,-4.82573
Cunningham,75,13.4434,6.5666e+06,31.3826,-120.98,4.05992,6.76201,-4.82573
Stokes_1thread,75,13.426,6.5666e+06,31.3826,-120.98,4.05992,6.76197,-4.82573
Stokes_multithread,75,13.9047,6.5666e+06,31.3826,-120.98,4.05992,6.76197,-4.82573
Belikov,76,13.8775,6.3349e+06,-10.9864,25.615,-8.80392,-4.22116,1.90157
Cunningham,76,13.4043,6.3349e+06,-10.9864,25.615,-8.80392,-4.22121,1.90157
Stokes_1thread,76,13.689,6.3349e+06,-10.9864,25.615,-8.80392,-4.22116,1.90157
Stokes_multithread,76,13.417,6.3349e+06,-10.9864,25.615,-8.80392,-4.22116,1.90157
Belikov,77,13.4538,6.20487e+06,69.5645,26.9239,-3.20434,-1.62759,-9.67853
Cunningham,77,13.4737,6.20487e+06,69.5645,26.9239,-3.20434,-1.6277,-9.67853
Stokes_1thread,77,13.4507,6.20487e+06,69.5645,26.9239,-3.20434,-1.62759,-9.67853
Stokes_multithread,77,13.5076,6.20487e+06,69.5645,26.9239,-3.20434,-1.62759,-9.67853
Belikov,78,13.3712,6.39933e+06,-27.7497,155.142,7.8149,-3.62065,4.54633
Cunningham,78,13.6974,6.39933e+06,-27.7497,155.142,7.8149,-3.62067,4.54633
Stokes_1thread,78,13.2138,6.39933e+06,-27.7497,155.142,7.8149,-3.62065,4.54633
Stokes_multithread,78,13.4356,6.39933e+06,-27.7497,155.142,7.8149,-3.62065,4.54633
Belikov,79,13.3788,6.61433e+06,-9.32666,-8.08492,-8.91289,1.26613,1.48301
Cunningham,79,13.2752,6.61433e+06,-9.32666,-8.08492,-8.91289,1.2661,1.48301
Stokes_1thread,79,13.372,6.61433e+06,-9.32666,-8.08492,-8.91289,1.26613,1.48301
Stokes_multithread,79,13.5203,6.61433e+06,-9.32666,-8.08492,-8.91289,1.26613,1.48301
Belikov,80,13.3322,6.10567e+06,-61.6892,127.741,3.08809,-3.98939,9.39856
Cunningham,80,13.4721,6.10567e+06,-61.6892,127.741,3.08809,-3.98926,9.39856
Stokes_1thread,80,13.4558,6.10567e+06,-61.6892,127.741,3.08809,-3.98939,9.39856
Stokes_multithread,80,13.8278,6.10567e+06,-61.6892,127.741,3.08809,-3.98939,9.39856
Belikov,81,13.8234,6.34563e+06,-56.695,-122.938,2.94329,4.54306,8.26641
Cunningham,81,14.0394,6.34563e+06,-56.695,-122.938,2.94329,4.54305,8.26641
Stokes_1thread,81,13.3192,6.34563e+06,-56.695,-122.938,2.94329,4.54306,8.26641
Stokes_multithread,81,13.3899,6.34563e+06,-56.695,-122.938,2.94329,4.54306,8.26641
Belikov,82,13.4234,6.88592e+06,12.2079,-177.414,8.21692,0.371178,-1.78457
Cunningham,82,13.4132,6.88592e+06,12.2079,-177.414,8.21692,0.37116,-1.78457
Stokes_1thread,82,13.4058,6.88592e+06,12.2079,-177.414,8.21692,0.371178,-1.78457
Stokes_multithread,82,13.7383,6.88592e+06,12.2079,-177.414,8.21692,0.371178,-1.78457
Belikov,83,13.3585,6.75558e+06,-63.0092,90.412,0.0285465,-3.94678,7.77181
Cunningham,83,13.459,6.75558e+06,-63.0092,90.412,0.0285465,-3.94678,7.77181
Stokes_1thread,83,13.1831,6.75558e+06,-63.0092,90.412,0.0285465,-3.94678,7.77181
Stokes_multithread,83,13.6015,6.75558e+06,-63.0092,90.412,0.0285465,-3.94678,7.77181
Belikov,84,13.8439,6.50072e+06,-41.6131,22.4034,-6.50753,-2.6826,6.27178
Cunningham,84,13.5371,6.50072e+06,-41.6131,22.4034,-6.50753,-2.68257,6.27178
Stokes_1thread,84,13.4659,6.50072e+06,-41.6131,22.4034,-6.50753,-2.6826,6.27178
Stokes_multithread,84,13.4888,6.50072e+06,-41.6131,22.4034,-6.50753,-2.6826,6.27178
Belikov,85,13.3267,6.83927e+06,28.2931,18.0509,-7.13304,-2.32472,-4.04977
Cunningham,85,13.3326,6.83927e+06,28.2931,18.0509,-7.13304,-2.32468,-4.04977
Stokes_1thread,85,13.4103,6.83927e+06,28.2931,18.0509,-7.13304,-2.32472,-4.04977
Stokes_multithread,85,13.5016,6.83927e+06,28.2931,18.0509,-7.13304,-2.32472,-4.04977
Belikov,86,13.6646,6.0428e+06,-27.8736,100.219,1.71159,-9.49436,5.1207
Cunningham,86,13.6967,6.0428e+06,-27.8736,100.219,1.71159,-9.49422,5.1207
Stokes_1thread,86,13.2607,6.0428e+06,-27.8736,100.219,1.71159,-9.49436,5.1207
Stokes_multithread,86,13.4772,6.0428e+06,-27.8736,100.219,1.71159,-9.49436,5.1207
Belikov,87,13.4262,6.69216e+06,16.6294,38.2437,-6.70366,-5.28367,-2.55679
Cunningham,87,13.4404,6.69216e+06,16.6294,38.2437,-6.70366,-5.28366,-2.55679
Stokes_1thread,87,13.3968,6.69216e+06,16.6294,38.2437,-6.70366,-5.28367,-2.55679
Stokes_multithread,87,13.7584,6.69216e+06,16.6294,38.2437,-6.70366,-5.28367,-2.55679
Belikov,88,13.4097,6.15404e+06,-65.3364,-133.441,3.00338,3.1712,9.54573
Cunningham,88,13.8841,6.15404e+06,-65.3364,-133.441,3.00338,3.17119,9.54573
Stokes_1thread,88,13.4368,6.15404e+06,-65.3364,-133.441,3.00338,3.1712,9.54573
Stokes_multithread,88,13.497,6.15404e+06,-65.3364,-133.441,3.00338,3.1712,9.54573
Belikov,89,13.3982,6.37208e+06,10.1639,85.231,-0.804639,-9.64208,-1.74015
Cunningham,89,13.4332,6.37208e+06,10.1639,85.231,-0.804639,-9.64215,-1.74015
Stokes_1thread,89,13.5056,6.37208e+06,10.1639,85.231,-0.804639,-9.64208,-1.74015
Stokes_multithread,89,13.5414,6.37208e+06,10.1639,85.231,-0.804639,-9.64208,-1.74015
Belikov,90,13.478,6.28351e+06,-56.2248,-103.423,1.29756,5.43675,8.38525
Cunningham,90,13.5642,6.28351e+06,-56.2248,-103.423,1.29756,5.43672,8.38525
Stokes_1thread,90,13.4285,6.28351e+06,-56.2248,-103.423,1.29756,5.43675,8.38525
Stokes_multithread,90,13.5038,6.28351e+06,-56.2248,-103.423,1.29756,5.43675,8.38525
Belikov,91,13.7259,6.03059e+06,37.6092,-21.1517,-8.08525,3.12822,-6.70251
Cunningham,91,13.6804,6.03059e+06,37.6092,-21.1517,-8.08525,3.12828,-6.70251
Stokes_1thread,91,13.8111,6.03059e+06,37.6092,-21.1517,-8.08525,3.12822,-6.70251
Stokes_multithread,91,13.5826,6.03059e+06,37.6092,-21.1517,-8.08525,3.12822,-6.70251
Belikov,92,13.413,6.75142e+06,-62.8604,49.0021,-2.60573,-2.99777,7.77131
Cunningham,92,13.4746,6.75142e+06,-62.8604,49.0021,-2.60573,-2.99778,7.77131
Stokes_1thread,92,13.4557,6.75142e+06,-62.8604,49.0021,-2.60573,-2.99777,7.77131
Stokes_multithread,92,13.48,6.75142e+06,-62.8604,49.0021,-2.60573,-2.99777,7.77131
Belikov,93,13.4253,6.46178e+06,-85.1428,-86.1235,-0.0540799,0.80142,9.48233
Cunningham,93,13.6404,6.46178e+06,-85.1428,-86.1235,-0.0540799,0.801239,9.48233
Stokes_1thread,93,13.4137,6.46178e+06,-85.1428,-86.1235,-0.0540799,0.80142,9.48233
Stokes_multithread,93,13.4976,6.46178e+06,-85.1428,-86.1235,-0.0540799,0.80142,9.48233
Belikov,94,13.4322,6.97189e+06,-79.4823,57.6889,-0.795843,-1.25848,8.04266
Cunningham,94,13.6991,6.97189e+06,-79.4823,57.6889,-0.795843,-1.25861,8.04266
Stokes_1thread,94,13.4278,6.97189e+06,-79.4823,57.6889,-0.795843,-1.25848,8.04266
Stokes_multithread,94,13.4756,6.97189e+06,-79.4823,57.6889,-0.795843,-1.25848,8.04266
Belikov,95,13.4463,6.94053e+06,-11.4794,-10.893,-7.97185,1.53416,1.65317
Cunningham,95,13.3426,6.94053e+06,-11.4794,-10.893,-7.97185,1.53414,1.65317
Stokes_1thread,95,13.2022,6.94053e+06,-11.4794,-10.893,-7.97185,1.53416,1.65317
Stokes_multithread,95,13.4146,6.94053e+06,-11.4794,-10.893,-7.97185,1.53416,1.65317
Belikov,96,13.4557,6.57389e+06,15.8158,91.5866,0.245728,-8.87913,-2.5238
Cunningham,96,13.4495,6.57389e+06,15.8158,91.5866,0.245728,-8.87915,-2.5238
Stokes_1thread,96,13.4602,6.57389e+06,15.8158,91.5866,0.245728,-8.87913,-2.5238
Stokes_multithread,96,13.4754,6.57389e+06,15.8158,91.5866,0.245728,-8.87913,-2.5238
Belikov,97,13.3147,6.18977e+06,51.1186,-125.974,3.82274,5.26669,-8.09828
Cunningham,97,13.3803,6.18977e+06,51.1186,-125.974,3.82274,5.26673,-8.09828
Stokes_1thread,97,13.4532,6.18977e+06,51.1186,-125.974,3.82274,5.26669,-8.09828
Stokes_multithread,97,13.4744,6.18977e+06,51.1186,-125.974,3.82274,5.26669,-8.09828
Belikov,98,13.4918,6.52267e+06,10.0249,44.2119,-6.62139,-6.4419,-1.63802
Cunningham,98,13.4882,6.52267e+06,10.0249,44.2119,-6.62139,-6.44193,-1.63802
Stokes_1thread,98,13.4829,6.52267e+06,10.0249,44.2119,-6.62139,-6.4419,-1.63802
Stokes_multithread,98,13.4092,6.52267e+06,10.0249,44.2119,-6.62139,-6.4419,-1.63802
Belikov,99,13.4315,6.90036e+06,-44.3181,-133.679,4.12811,4.32301,5.85307
Cunningham,99,14.0883,6.90036e+06,-44.3181,-133.679,4.12811,4.32304,5.85307
Stokes_1thread,99,13.3896,6.90036e+06,-44.3181,-133.679,4.12811,4.32301,5.85307
Stokes_multithread,99,13.5394,6.90036e+06,-44.3181,-133.679,4.12811,4.32301,5.85307
Belikov,100,13.4514,6.01536e+06,-6.81275,-151.98,9.67238,5.1473,1.31384
Cunningham,100,13.4729,6.01536e+06,-6.81275,-151.98,9.67238,5.14719,1.31384
Stokes_1thread,100,13.4657,6.01536e+06,-6.81275,-151.98,9.67238,5.1473,1.31384
Stokes_multithread,100,14.0042,6.01536e+06,-6.81275,-151.98,9.67238,5.1473,1.31384

Total time (ms):
Belikov,1350.96
Cunningham,1348.29
Stokes_1thread,1345.98
Stokes_multithread,1360.71
Speedup,0.989178
Efficiency,0.247294
Final accelerations (m/s^2):
Belikov,9.6723838289,5.1473021080,1.3138432383
Cunningham,9.6723838289,5.1471897582,1.3138432383
Holmes_1thread,9.6723838289,5.1473021080,1.3138432383
Holmes_multithread,9.6723838289,5.1473021080,1.3138432383
