Algorithm,Threads,Harmonics,AvgTime_ms,StdDev_ms,TotalTime_ms,Speedup,Efficiency
Belikov,1,5,0.00307,0.00137408,0.307,N/A,N/A
Cunningham,1,5,0.006133,0.000759349,0.6133,N/A,N/A
Holmes1,1,5,0.004499,0.000422018,0.4499,1,1
Holmes2,2,5,0.041393,0.0184796,4.1393,0.10869,0.0543449
Holmes3,3,5,0.043923,0.00443997,4.3923,0.102429,0.0341431
Holmes4,4,5,0.045598,0.00578603,4.5598,0.0986666,0.0246667
Holmes5,5,5,0.048106,0.00785078,4.8106,0.0935226,0.0187045
Holmes6,6,5,0.056124,0.00281429,5.6124,0.0801618,0.0133603
Holmes7,7,5,0.056383,0.00313126,5.6383,0.0797936,0.0113991
Holmes8,8,5,0.067957,0.00238526,6.7957,0.0662036,0.00827545
Holmes9,9,5,0.068033,0.00449353,6.8033,0.0661297,0.00734774
Holmes10,10,5,0.067434,0.00175791,6.7434,0.0667171,0.00667171
Holmes11,11,5,0.066309,0.00468404,6.6309,0.067849,0.00616809
Holmes12,12,5,0.067001,0.00214026,6.7001,0.0671483,0.00559569
Holmes13,13,5,0.067193,0.00469138,6.7193,0.0669564,0.00515049
Holmes14,14,5,0.067129,0.00182331,6.7129,0.0670202,0.00478716
Holmes15,15,5,0.06713,0.00367594,6.713,0.0670192,0.00446795
Holmes16,16,5,0.071802,0.0133314,7.1802,0.0626584,0.00391615
Belikov,1,10,0.007188,0.00129432,0.7188,N/A,N/A
Cunningham,1,10,0.014079,0.000632344,1.4079,N/A,N/A
Holmes1,1,10,0.007385,0.000333879,0.7385,1,1
Holmes2,2,10,0.030673,0.00342108,3.0673,0.240765,0.120383
Holmes3,3,10,0.04357,0.00447592,4.357,0.169497,0.0564991
Holmes4,4,10,0.042142,0.00145136,4.2142,0.175241,0.0438102
Holmes5,5,10,0.055171,0.00526384,5.5171,0.133857,0.0267713
Holmes6,6,10,0.054485,0.00141502,5.4485,0.135542,0.0225903
Holmes7,7,10,0.068782,0.010609,6.8782,0.107368,0.0153383
Holmes8,8,10,0.078376,0.00239984,7.8376,0.0942253,0.0117782
Holmes9,9,10,0.093446,0.0161201,9.3446,0.0790296,0.00878107
Holmes10,10,10,0.096414,0.0141255,9.6414,0.0765968,0.00765968
Holmes11,11,10,0.09282,0.0113164,9.282,0.0795626,0.00723296
Holmes12,12,10,0.104743,0.00450245,10.4743,0.0705059,0.00587549
Holmes13,13,10,0.123768,0.0183976,12.3768,0.0596681,0.00458985
Holmes14,14,10,0.119114,0.0228781,11.9114,0.0619994,0.00442853
Holmes15,15,10,0.114731,0.0199037,11.4731,0.064368,0.0042912
Holmes16,16,10,0.105089,0.00691129,10.5089,0.0702738,0.00439211
Belikov,1,15,0.01284,0.00075326,1.284,N/A,N/A
Cunningham,1,15,0.026023,0.00134995,2.6023,N/A,N/A
Holmes1,1,15,0.011602,0.000243302,1.1602,1,1
Holmes2,2,15,0.046854,0.00475995,4.6854,0.24762,0.12381
Holmes3,3,15,0.059121,0.0126213,5.9121,0.196242,0.0654139
Holmes4,4,15,0.065027,0.0161958,6.5027,0.178418,0.0446045
Holmes5,5,15,0.074522,0.00428256,7.4522,0.155686,0.0311371
Holmes6,6,15,0.0753,0.0189446,7.53,0.154077,0.0256795
Holmes7,7,15,0.079833,0.0018931,7.9833,0.145328,0.0207612
Holmes8,8,15,0.07984,0.00389772,7.984,0.145316,0.0181645
Holmes9,9,15,0.084085,0.0140635,8.4085,0.137979,0.015331
Holmes10,10,15,0.093543,0.00237012,9.3543,0.124029,0.0124029
Holmes11,11,15,0.104398,0.0024169,10.4398,0.111132,0.0101029
Holmes12,12,15,0.14167,0.0229023,14.167,0.0818945,0.00682455
Holmes13,13,15,0.128794,0.0216395,12.8794,0.0900818,0.00692937
Holmes14,14,15,0.156712,0.0243399,15.6712,0.0740339,0.00528814
Holmes15,15,15,0.126785,0.00453838,12.6785,0.0915092,0.00610062
Holmes16,16,15,0.1753,0.0275538,17.53,0.0661837,0.00413648
Belikov,1,20,0.021552,0.00301952,2.1552,N/A,N/A
Cunningham,1,20,0.041464,0.00183213,4.1464,N/A,N/A
Holmes1,1,20,0.017512,0.000544294,1.7512,1,1
Holmes2,2,20,0.041532,0.0025259,4.1532,0.421651,0.210825
Holmes3,3,20,0.046361,0.00684472,4.6361,0.377731,0.12591
Holmes4,4,20,0.055027,0.00168629,5.5027,0.318244,0.0795609
Holmes5,5,20,0.066133,0.00429868,6.6133,0.2648,0.0529599
Holmes6,6,20,0.067247,0.00289097,6.7247,0.260413,0.0434022
Holmes7,7,20,0.081008,0.00933608,8.1008,0.216176,0.0308823
Holmes8,8,20,0.093456,0.00573268,9.3456,0.187382,0.0234228
Holmes9,9,20,0.09759,0.0115834,9.759,0.179445,0.0199383
Holmes10,10,20,0.125795,0.00779549,12.5795,0.139211,0.0139211
Holmes11,11,20,0.105763,0.00411453,10.5763,0.165578,0.0150525
Holmes12,12,20,0.11806,0.00389379,11.806,0.148331,0.0123609
Holmes13,13,20,0.15245,0.0244022,15.245,0.11487,0.00883619
Holmes14,14,20,0.16273,0.0263951,16.273,0.107614,0.0076867
Holmes15,15,20,0.190269,0.0242587,19.0269,0.0920381,0.00613587
Holmes16,16,20,0.166767,0.0258009,16.6767,0.105009,0.00656305
Belikov,1,25,0.030075,0.00160719,3.0075,N/A,N/A
Cunningham,1,25,0.059301,0.00250186,5.9301,N/A,N/A
Holmes1,1,25,0.024529,0.000537456,2.4529,1,1
Holmes2,2,25,0.043791,0.00192276,4.3791,0.560138,0.280069
Holmes3,3,25,0.055193,0.00350141,5.5193,0.444422,0.148141
Holmes4,4,25,0.055701,0.0015905,5.5701,0.440369,0.110092
Holmes5,5,25,0.074527,0.0142853,7.4527,0.329129,0.0658258
Holmes6,6,25,0.067894,0.00512593,6.7894,0.361284,0.060214
Holmes7,7,25,0.081007,0.00911838,8.1007,0.302801,0.0432573
Holmes8,8,25,0.095883,0.0127347,9.5883,0.255822,0.0319778
Holmes9,9,25,0.103822,0.00218909,10.3822,0.23626,0.0262511
Holmes10,10,25,0.104337,0.00278875,10.4337,0.235094,0.0235094
Holmes11,11,25,0.115625,0.00600757,11.5625,0.212143,0.0192857
Holmes12,12,25,0.117268,0.00887082,11.7268,0.20917,0.0174309
Holmes13,13,25,0.125517,0.0169655,12.5517,0.195424,0.0150326
Holmes14,14,25,0.139159,0.0210969,13.9159,0.176266,0.0125904
Holmes15,15,25,0.157883,0.0254956,15.7883,0.155362,0.0103575
Holmes16,16,25,0.182665,0.0277937,18.2665,0.134284,0.00839275
Belikov,1,30,0.04188,0.00486477,4.188,N/A,N/A
Cunningham,1,30,0.083606,0.00254864,8.3606,N/A,N/A
Holmes1,1,30,0.033517,0.000885331,3.3517,1,1
Holmes2,2,30,0.050676,0.00273237,5.0676,0.661398,0.330699
Holmes3,3,30,0.0475,0.00362638,4.75,0.705621,0.235207
Holmes4,4,30,0.05961,0.00727955,5.961,0.562271,0.140568
Holmes5,5,30,0.067018,0.0014129,6.7018,0.500119,0.100024
Holmes6,6,30,0.080011,0.00624938,8.0011,0.418905,0.0698175
Holmes7,7,30,0.081254,0.00969787,8.1254,0.412497,0.0589281
Holmes8,8,30,0.093117,0.00256535,9.3117,0.359945,0.0449931
Holmes9,9,30,0.092847,0.00292056,9.2847,0.360992,0.0401102
Holmes10,10,30,0.13106,0.0200817,13.106,0.255738,0.0255738
Holmes11,11,30,0.12956,0.0190219,12.956,0.258699,0.0235181
Holmes12,12,30,0.142687,0.0211702,14.2687,0.234899,0.0195749
Holmes13,13,30,0.144793,0.0227541,14.4793,0.231482,0.0178063
Holmes14,14,30,0.163612,0.0273784,16.3612,0.204857,0.0146326
Holmes15,15,30,0.170552,0.0238675,17.0552,0.196521,0.0131014
Holmes16,16,30,0.140332,0.00340179,14.0332,0.238841,0.0149275
Belikov,1,35,0.0544,0.00512738,5.44,N/A,N/A
Cunningham,1,35,0.110209,0.00325721,11.0209,N/A,N/A
Holmes1,1,35,0.043781,0.000851433,4.3781,1,1
Holmes2,2,35,0.056343,0.00737027,5.6343,0.777044,0.388522
Holmes3,3,35,0.057431,0.00745379,5.7431,0.762323,0.254108
Holmes4,4,35,0.061571,0.00485889,6.1571,0.711065,0.177766
Holmes5,5,35,0.068231,0.00391113,6.8231,0.641658,0.128332
Holmes6,6,35,0.079755,0.00170677,7.9755,0.548944,0.0914906
Holmes7,7,35,0.07992,0.00192556,7.992,0.54781,0.0782586
Holmes8,8,35,0.110775,0.0174527,11.0775,0.395225,0.0494031
Holmes9,9,35,0.106074,0.00411231,10.6074,0.41274,0.04586
Holmes10,10,35,0.118425,0.00975332,11.8425,0.369694,0.0369694
Holmes11,11,35,0.130542,0.0115082,13.0542,0.335379,0.030489
Holmes12,12,35,0.128642,0.00262847,12.8642,0.340332,0.028361
Holmes13,13,35,0.14146,0.00236152,14.146,0.309494,0.0238072
Holmes14,14,35,0.163248,0.019975,16.3248,0.268187,0.0191562
Holmes15,15,35,0.169285,0.021075,16.9285,0.258623,0.0172415
Holmes16,16,35,0.176132,0.0229701,17.6132,0.248569,0.0155356
Belikov,1,40,0.071994,0.0169808,7.1994,N/A,N/A
Cunningham,1,40,0.14297,0.00745923,14.297,N/A,N/A
Holmes1,1,40,0.054702,0.00111741,5.4702,1,1
Holmes2,2,40,0.074737,0.0175696,7.4737,0.731927,0.365963
Holmes3,3,40,0.062258,0.00509581,6.2258,0.878634,0.292878
Holmes4,4,40,0.071765,0.00791753,7.1765,0.762238,0.190559
Holmes5,5,40,0.076007,0.00851758,7.6007,0.719697,0.143939
Holmes6,6,40,0.080744,0.0032662,8.0744,0.677474,0.112912
Holmes7,7,40,0.084668,0.00773355,8.4668,0.646076,0.0922966
Holmes8,8,40,0.109483,0.00844127,10.9483,0.499639,0.0624549
Holmes9,9,40,0.106864,0.00327116,10.6864,0.511884,0.056876
Holmes10,10,40,0.122258,0.0108831,12.2258,0.447431,0.0447431
Holmes11,11,40,0.158448,0.0211008,15.8448,0.345236,0.0313851
Holmes12,12,40,0.137422,0.00757918,13.7422,0.398059,0.0331715
Holmes13,13,40,0.160065,0.0177102,16.0065,0.341749,0.0262884
Holmes14,14,40,0.155849,0.0051432,15.5849,0.350994,0.025071
Holmes15,15,40,0.16245,0.0183573,16.245,0.336731,0.0224488
Holmes16,16,40,0.18467,0.0254862,18.467,0.296215,0.0185134
Belikov,1,45,0.085161,0.00747006,8.5161,N/A,N/A
Cunningham,1,45,0.170959,0.00721752,17.0959,N/A,N/A
Holmes1,1,45,0.06765,0.000891459,6.765,1,1
Holmes2,2,45,0.066897,0.00344745,6.6897,1.01126,0.505628
Holmes3,3,45,0.072355,0.00625981,7.2355,0.934973,0.311658
Holmes4,4,45,0.070607,0.00550912,7.0607,0.95812,0.23953
Holmes5,5,45,0.06964,0.00365962,6.964,0.971424,0.194285
Holmes6,6,45,0.080875,0.00321168,8.0875,0.836476,0.139413
Holmes7,7,45,0.111409,0.0176566,11.1409,0.607222,0.086746
Holmes8,8,45,0.097903,0.0106444,9.7903,0.69099,0.0863738
Holmes9,9,45,0.126157,0.00826253,12.6157,0.536237,0.0595818
Holmes10,10,45,0.12728,0.00805906,12.728,0.531505,0.0531505
Holmes11,11,45,0.139954,0.00889869,13.9954,0.483373,0.043943
Holmes12,12,45,0.132769,0.00564898,13.2769,0.509532,0.042461
Holmes13,13,45,0.155483,0.0128608,15.5483,0.435096,0.0334689
Holmes14,14,45,0.176421,0.0156846,17.6421,0.383458,0.0273898
Holmes15,15,45,0.198175,0.0154276,19.8175,0.341365,0.0227577
Holmes16,16,45,0.19753,0.0119449,19.753,0.34248,0.021405
Belikov,1,50,0.098042,0.00437845,9.8042,N/A,N/A
Cunningham,1,50,0.213052,0.0147876,21.3052,N/A,N/A
Holmes1,1,50,0.081909,0.00150234,8.1909,1,1
Holmes2,2,50,0.081145,0.00895279,8.1145,1.00942,0.504708
Holmes3,3,50,0.081547,0.0109019,8.1547,1.00444,0.334813
Holmes4,4,50,0.08034,0.00917618,8.034,1.01953,0.254882
Holmes5,5,50,0.084563,0.00893052,8.4563,0.968615,0.193723
Holmes6,6,50,0.083549,0.011208,8.3549,0.980371,0.163395
Holmes7,7,50,0.093787,0.00224623,9.3787,0.873351,0.124764
Holmes8,8,50,0.108392,0.00434563,10.8392,0.755674,0.0944592
Holmes9,9,50,0.126363,0.0181144,12.6363,0.648204,0.0720227
Holmes10,10,50,0.121224,0.00665915,12.1224,0.675683,0.0675683
Holmes11,11,50,0.148845,0.0216186,14.8845,0.550297,0.050027
Holmes12,12,50,0.17387,0.0190424,17.387,0.471093,0.0392578
Holmes13,13,50,0.143621,0.00213173,14.3621,0.570314,0.0438703
Holmes14,14,50,0.156998,0.00698527,15.6998,0.52172,0.0372657
Holmes15,15,50,0.172267,0.0160034,17.2267,0.475477,0.0316985
Holmes16,16,50,0.197768,0.0282112,19.7768,0.414167,0.0258854
Belikov,1,55,0.120944,0.00846384,12.0944,N/A,N/A
Cunningham,1,55,0.247269,0.00932483,24.7269,N/A,N/A
Holmes1,1,55,0.09744,0.00151136,9.744,1,1
Holmes2,2,55,0.082825,0.00549821,8.2825,1.17646,0.588228
Holmes3,3,55,0.08471,0.00770808,8.471,1.15028,0.383426
Holmes4,4,55,0.085133,0.0061545,8.5133,1.14456,0.286141
Holmes5,5,55,0.08683,0.00686977,8.683,1.12219,0.224439
Holmes6,6,55,0.090243,0.0084684,9.0243,1.07975,0.179959
Holmes7,7,55,0.094196,0.00356771,9.4196,1.03444,0.147777
Holmes8,8,55,0.096266,0.00596343,9.6266,1.0122,0.126524
Holmes9,9,55,0.140013,0.0228096,14.0013,0.695935,0.0773262
Holmes10,10,55,0.140085,0.0204348,14.0085,0.695578,0.0695578
Holmes11,11,55,0.15812,0.0235995,15.812,0.616241,0.0560219
Holmes12,12,55,0.145116,0.00406376,14.5116,0.671463,0.0559552
Holmes13,13,55,0.141555,0.003792,14.1555,0.688354,0.0529503
Holmes14,14,55,0.15703,0.00737685,15.703,0.620518,0.0443227
Holmes15,15,55,0.168672,0.0091175,16.8672,0.577689,0.0385126
Holmes16,16,55,0.195451,0.0266134,19.5451,0.498539,0.0311587
Belikov,1,60,0.140394,0.00956375,14.0394,N/A,N/A
Cunningham,1,60,0.294138,0.017787,29.4138,N/A,N/A
Holmes1,1,60,0.117177,0.00870314,11.7177,1,1
Holmes2,2,60,0.090449,0.00269702,9.0449,1.2955,0.647752
Holmes3,3,60,0.088882,0.00634608,8.8882,1.31834,0.439448
Holmes4,4,60,0.093728,0.00811899,9.3728,1.25018,0.312545
Holmes5,5,60,0.091685,0.00531036,9.1685,1.27804,0.255608
Holmes6,6,60,0.099706,0.0135321,9.9706,1.17523,0.195871
Holmes7,7,60,0.105294,0.0048359,10.5294,1.11286,0.158979
Holmes8,8,60,0.129605,0.0133035,12.9605,0.904109,0.113014
Holmes9,9,60,0.115375,0.0120873,11.5375,1.01562,0.112847
Holmes10,10,60,0.129475,0.0200814,12.9475,0.905016,0.0905016
Holmes11,11,60,0.146554,0.0197904,14.6554,0.799548,0.0726862
Holmes12,12,60,0.162172,0.0241008,16.2172,0.722548,0.0602123
Holmes13,13,60,0.188759,0.0277501,18.8759,0.620776,0.047752
Holmes14,14,60,0.159962,0.00443918,15.9962,0.73253,0.0523236
Holmes15,15,60,0.174921,0.0195152,17.4921,0.669885,0.044659
Holmes16,16,60,0.205657,0.0196617,20.5657,0.569769,0.0356106
Belikov,1,65,0.164467,0.0109953,16.4467,N/A,N/A
Cunningham,1,65,0.340753,0.0181521,34.0753,N/A,N/A
Holmes1,1,65,0.133063,0.00157687,13.3063,1,1
Holmes2,2,65,0.111441,0.011927,11.1441,1.19402,0.597011
Holmes3,3,65,0.101026,0.0139253,10.1026,1.31712,0.439039
Holmes4,4,65,0.097369,0.00434885,9.7369,1.36658,0.341646
Holmes5,5,65,0.093579,0.00468306,9.3579,1.42193,0.284386
Holmes6,6,65,0.09848,0.0147276,9.848,1.35117,0.225195
Holmes7,7,65,0.103344,0.00713113,10.3344,1.28757,0.183939
Holmes8,8,65,0.12554,0.0187754,12.554,1.05993,0.132491
Holmes9,9,65,0.128481,0.0106863,12.8481,1.03566,0.115074
Holmes10,10,65,0.152315,0.0153458,15.2315,0.873604,0.0873604
Holmes11,11,65,0.158497,0.0165552,15.8497,0.83953,0.0763209
Holmes12,12,65,0.180811,0.0222824,18.0811,0.735923,0.0613269
Holmes13,13,65,0.172196,0.0115005,17.2196,0.772742,0.0594417
Holmes14,14,65,0.176593,0.0111395,17.6593,0.753501,0.0538215
Holmes15,15,65,0.199745,0.0288803,19.9745,0.666164,0.044411
Holmes16,16,65,0.180459,0.00512137,18.0459,0.737359,0.0460849
Belikov,1,70,0.187407,0.0085647,18.7407,N/A,N/A
Cunningham,1,70,0.387028,0.0186502,38.7028,N/A,N/A
Holmes1,1,70,0.157548,0.00891054,15.7548,1,1
Holmes2,2,70,0.112795,0.0056118,11.2795,1.39676,0.698382
Holmes3,3,70,0.111577,0.00603672,11.1577,1.41201,0.47067
Holmes4,4,70,0.107408,0.00676807,10.7408,1.46682,0.366705
Holmes5,5,70,0.107072,0.0115876,10.7072,1.47142,0.294284
Holmes6,6,70,0.103942,0.00676218,10.3942,1.51573,0.252622
Holmes7,7,70,0.113375,0.0137659,11.3375,1.38962,0.198517
Holmes8,8,70,0.114302,0.00977157,11.4302,1.37835,0.172294
Holmes9,9,70,0.135156,0.00728687,13.5156,1.16568,0.129519
Holmes10,10,70,0.147428,0.00669793,14.7428,1.06864,0.106864
Holmes11,11,70,0.146867,0.00908785,14.6867,1.07273,0.0975205
Holmes12,12,70,0.157325,0.00840224,15.7325,1.00142,0.0834515
Holmes13,13,70,0.181443,0.017043,18.1443,0.868306,0.0667927
Holmes14,14,70,0.20756,0.0232349,20.756,0.759048,0.0542177
Holmes15,15,70,0.200183,0.0171047,20.0183,0.78702,0.052468
Holmes16,16,70,0.220277,0.0219414,22.0277,0.715227,0.0447017
Belikov,1,75,0.217985,0.012595,21.7985,N/A,N/A
Cunningham,1,75,0.449773,0.019441,44.9773,N/A,N/A
Holmes1,1,75,0.177362,0.00872504,17.7362,1,1
Holmes2,2,75,0.124585,0.011371,12.4585,1.42362,0.711811
Holmes3,3,75,0.111521,0.0111103,11.1521,1.59039,0.53013
Holmes4,4,75,0.108009,0.00394548,10.8009,1.6421,0.410526
Holmes5,5,75,0.11176,0.00738037,11.176,1.58699,0.317398
Holmes6,6,75,0.113737,0.00643669,11.3737,1.5594,0.259901
Holmes7,7,75,0.123046,0.0176403,12.3046,1.44143,0.205918
Holmes8,8,75,0.123499,0.00870814,12.3499,1.43614,0.179518
Holmes9,9,75,0.145727,0.010791,14.5727,1.21708,0.135232
Holmes10,10,75,0.16478,0.0127507,16.478,1.07636,0.107636
Holmes11,11,75,0.149239,0.00916555,14.9239,1.18844,0.10804
Holmes12,12,75,0.156138,0.00746229,15.6138,1.13593,0.0946609
Holmes13,13,75,0.17647,0.0111698,17.647,1.00505,0.0773119
Holmes14,14,75,0.186776,0.0205388,18.6776,0.949597,0.0678284
Holmes15,15,75,0.202391,0.0231798,20.2391,0.876333,0.0584222
Holmes16,16,75,0.214254,0.0218887,21.4254,0.827812,0.0517382
Belikov,1,80,0.238565,0.012414,23.8565,N/A,N/A
Cunningham,1,80,0.521298,0.0328864,52.1298,N/A,N/A
Holmes1,1,80,0.19769,0.00392763,19.769,1,1
Holmes2,2,80,0.143421,0.0112235,14.3421,1.37839,0.689195
Holmes3,3,80,0.118807,0.010772,11.8807,1.66396,0.554653
Holmes4,4,80,0.113712,0.00578849,11.3712,1.73851,0.434629
Holmes5,5,80,0.11926,0.00756792,11.926,1.65764,0.331528
Holmes6,6,80,0.116574,0.00842893,11.6574,1.69583,0.282639
Holmes7,7,80,0.128779,0.00819672,12.8779,1.53511,0.219302
Holmes8,8,80,0.135883,0.0101298,13.5883,1.45485,0.181857
Holmes9,9,80,0.129664,0.0100534,12.9664,1.52463,0.169404
Holmes10,10,80,0.153721,0.0175946,15.3721,1.28603,0.128603
Holmes11,11,80,0.147928,0.00709501,14.7928,1.33639,0.12149
Holmes12,12,80,0.164447,0.0100645,16.4447,1.20215,0.100179
Holmes13,13,80,0.180952,0.0148973,18.0952,1.0925,0.0840384
Holmes14,14,80,0.202734,0.0163316,20.2734,0.97512,0.0696514
Holmes15,15,80,0.224362,0.0145653,22.4362,0.881121,0.0587414
Holmes16,16,80,0.230776,0.0277275,23.0776,0.856632,0.0535395
Belikov,1,85,0.273687,0.0187016,27.3687,N/A,N/A
Cunningham,1,85,0.568776,0.0227801,56.8776,N/A,N/A
Holmes1,1,85,0.22512,0.0119405,22.512,1,1
Holmes2,2,85,0.155272,0.0143004,15.5272,1.44984,0.724921
Holmes3,3,85,0.133459,0.0124568,13.3459,1.68681,0.56227
Holmes4,4,85,0.121959,0.00542035,12.1959,1.84587,0.461467
Holmes5,5,85,0.122497,0.00852738,12.2497,1.83776,0.367552
Holmes6,6,85,0.128087,0.00780593,12.8087,1.75756,0.292926
Holmes7,7,85,0.12819,0.0113185,12.819,1.75614,0.250878
Holmes8,8,85,0.133643,0.0133877,13.3643,1.68449,0.210561
Holmes9,9,85,0.140709,0.0115913,14.0709,1.5999,0.177766
Holmes10,10,85,0.160753,0.0149036,16.0753,1.40041,0.140041
Holmes11,11,85,0.152704,0.0100755,15.2704,1.47422,0.13402
Holmes12,12,85,0.164716,0.0107552,16.4716,1.36672,0.113893
Holmes13,13,85,0.185565,0.0144075,18.5565,1.21316,0.09332
Holmes14,14,85,0.20813,0.0166462,20.813,1.08163,0.0772594
Holmes15,15,85,0.209604,0.0163183,20.9604,1.07403,0.0716017
Holmes16,16,85,0.240613,0.0235591,24.0613,0.93561,0.0584756
Belikov,1,90,0.300965,0.0264654,30.0965,N/A,N/A
Cunningham,1,90,0.631221,0.0153606,63.1221,N/A,N/A
Holmes1,1,90,0.254356,0.0159975,25.4356,1,1
Holmes2,2,90,0.162751,0.00628085,16.2751,1.56285,0.781427
Holmes3,3,90,0.132404,0.0140175,13.2404,1.92106,0.640353
Holmes4,4,90,0.129214,0.00938329,12.9214,1.96849,0.492122
Holmes5,5,90,0.129975,0.0070855,12.9975,1.95696,0.391392
Holmes6,6,90,0.132924,0.00453383,13.2924,1.91354,0.318924
Holmes7,7,90,0.132184,0.010577,13.2184,1.92426,0.274894
Holmes8,8,90,0.138869,0.00879709,13.8869,1.83163,0.228953
Holmes9,9,90,0.146316,0.0119103,14.6316,1.7384,0.193156
Holmes10,10,90,0.15568,0.00936126,15.568,1.63384,0.163384
Holmes11,11,90,0.159215,0.0126457,15.9215,1.59756,0.145233
Holmes12,12,90,0.161139,0.00925543,16.1139,1.57849,0.131541
Holmes13,13,90,0.201316,0.0103168,20.1316,1.26347,0.0971897
Holmes14,14,90,0.205118,0.0204822,20.5118,1.24005,0.0885748
Holmes15,15,90,0.224628,0.02145,22.4628,1.13234,0.0754896
Holmes16,16,90,0.223434,0.0257252,22.3434,1.13839,0.0711496
Belikov,1,95,0.331394,0.0236405,33.1394,N/A,N/A
Cunningham,1,95,0.711162,0.0337852,71.1162,N/A,N/A
Holmes1,1,95,0.279334,0.0113499,27.9334,1,1
Holmes2,2,95,0.179435,0.00821252,17.9435,1.55674,0.778371
Holmes3,3,95,0.1475,0.00831032,14.75,1.89379,0.631263
Holmes4,4,95,0.133985,0.00768559,13.3985,2.08482,0.521204
Holmes5,5,95,0.139558,0.0157145,13.9558,2.00156,0.400312
Holmes6,6,95,0.138982,0.0051033,13.8982,2.00986,0.334976
Holmes7,7,95,0.134233,0.0100213,13.4233,2.08096,0.297281
Holmes8,8,95,0.143894,0.00874084,14.3894,1.94125,0.242656
Holmes9,9,95,0.152509,0.00810349,15.2509,1.83159,0.20351
Holmes10,10,95,0.156887,0.00917558,15.6887,1.78048,0.178048
Holmes11,11,95,0.165697,0.0139375,16.5697,1.68581,0.153256
Holmes12,12,95,0.173308,0.0115021,17.3308,1.61178,0.134315
Holmes13,13,95,0.170692,0.0125167,17.0692,1.63648,0.125883
Holmes14,14,95,0.212365,0.0186288,21.2365,1.31535,0.0939535
Holmes15,15,95,0.209972,0.0217941,20.9972,1.33034,0.0886893
Holmes16,16,95,0.239469,0.0205295,23.9469,1.16647,0.0729045
Belikov,1,100,0.363525,0.0158767,36.3525,N/A,N/A
Cunningham,1,100,0.770885,0.025528,77.0885,N/A,N/A
Holmes1,1,100,0.308454,0.0126218,30.8454,1,1
Holmes2,2,100,0.191991,0.0076081,19.1991,1.60661,0.803303
Holmes3,3,100,0.16459,0.00813911,16.459,1.87407,0.624692
Holmes4,4,100,0.145446,0.00968045,14.5446,2.12075,0.530186
Holmes5,5,100,0.140625,0.0123484,14.0625,2.19345,0.43869
Holmes6,6,100,0.145213,0.00744301,14.5213,2.12415,0.354025
Holmes7,7,100,0.142579,0.0104607,14.2579,2.16339,0.309056
Holmes8,8,100,0.149902,0.00882808,14.9902,2.0577,0.257213
Holmes9,9,100,0.15787,0.0135175,15.787,1.95385,0.217094
Holmes10,10,100,0.169992,0.0123799,16.9992,1.81452,0.181452
Holmes11,11,100,0.162684,0.0107843,16.2684,1.89603,0.172367
Holmes12,12,100,0.179664,0.0134847,17.9664,1.71684,0.14307
Holmes13,13,100,0.197094,0.013945,19.7094,1.56501,0.120385
Holmes14,14,100,0.210482,0.0152303,21.0482,1.46546,0.104676
Holmes15,15,100,0.210663,0.0130373,21.0663,1.46421,0.0976137
Holmes16,16,100,0.233266,0.0227979,23.3266,1.32233,0.0826455
Belikov,1,105,0.399986,0.0194015,39.9986,N/A,N/A
Cunningham,1,105,0.850482,0.0207181,85.0482,N/A,N/A
Holmes1,1,105,0.338262,0.0103901,33.8262,1,1
Holmes2,2,105,0.208492,0.0161084,20.8492,1.62242,0.811211
Holmes3,3,105,0.167686,0.0141263,16.7686,2.01723,0.672412
Holmes4,4,105,0.152149,0.0105043,15.2149,2.22323,0.555807
Holmes5,5,105,0.151439,0.00721472,15.1439,2.23365,0.44673
Holmes6,6,105,0.156129,0.0145264,15.6129,2.16655,0.361092
Holmes7,7,105,0.145572,0.00844508,14.5572,2.32367,0.331954
Holmes8,8,105,0.155514,0.0155992,15.5514,2.17512,0.27189
Holmes9,9,105,0.162873,0.0108352,16.2873,2.07685,0.230761
Holmes10,10,105,0.171881,0.00971094,17.1881,1.968,0.1968
Holmes11,11,105,0.176918,0.0101138,17.6918,1.91197,0.173816
Holmes12,12,105,0.187029,0.0137924,18.7029,1.80861,0.150717
Holmes13,13,105,0.195441,0.0151291,19.5441,1.73076,0.133136
Holmes14,14,105,0.207725,0.0191108,20.7725,1.62841,0.116315
Holmes15,15,105,0.224681,0.0212105,22.4681,1.50552,0.100368
Holmes16,16,105,0.245183,0.023035,24.5183,1.37963,0.0862269
Belikov,1,110,0.436555,0.0192204,43.6555,N/A,N/A
Cunningham,1,110,0.930014,0.0266313,93.0014,N/A,N/A
Holmes1,1,110,0.369808,0.012319,36.9808,1,1
Holmes2,2,110,0.224515,0.00658304,22.4515,1.64714,0.823571
Holmes3,3,110,0.175284,0.018438,17.5284,2.10976,0.703255
Holmes4,4,110,0.157042,0.00852353,15.7042,2.35484,0.588709
Holmes5,5,110,0.155158,0.00626032,15.5158,2.38343,0.476686
Holmes6,6,110,0.156337,0.0106334,15.6337,2.36545,0.394242
Holmes7,7,110,0.161399,0.0138042,16.1399,2.29127,0.327324
Holmes8,8,110,0.157742,0.00883073,15.7742,2.34439,0.293048
Holmes9,9,110,0.166375,0.00833908,16.6375,2.22274,0.246971
Holmes10,10,110,0.174007,0.010462,17.4007,2.12525,0.212525
Holmes11,11,110,0.184418,0.01052,18.4418,2.00527,0.182297
Holmes12,12,110,0.18059,0.0090925,18.059,2.04778,0.170648
Holmes13,13,110,0.197071,0.0102922,19.7071,1.87652,0.144348
Holmes14,14,110,0.191463,0.0113432,19.1463,1.93149,0.137963
Holmes15,15,110,0.21429,0.0138928,21.429,1.72574,0.115049
Holmes16,16,110,0.241331,0.0217648,24.1331,1.53237,0.095773
Belikov,1,115,0.476133,0.0232869,47.6133,N/A,N/A
Cunningham,1,115,1.00893,0.0331097,100.893,N/A,N/A
Holmes1,1,115,0.408368,0.0277307,40.8368,1,1
Holmes2,2,115,0.243236,0.0203586,24.3236,1.6789,0.839448
Holmes3,3,115,0.19026,0.0121629,19.026,2.14637,0.715456
Holmes4,4,115,0.170737,0.011409,17.0737,2.3918,0.597949
Holmes5,5,115,0.161553,0.0110169,16.1553,2.52776,0.505553
Holmes6,6,115,0.162133,0.00840374,16.2133,2.51872,0.419787
Holmes7,7,115,0.167706,0.0125099,16.7706,2.43502,0.34786
Holmes8,8,115,0.166715,0.00846143,16.6715,2.4495,0.306187
Holmes9,9,115,0.173647,0.0148572,17.3647,2.35171,0.261302
Holmes10,10,115,0.182762,0.00798329,18.2762,2.23443,0.223443
Holmes11,11,115,0.185353,0.00921826,18.5353,2.20319,0.20029
Holmes12,12,115,0.195141,0.0138206,19.5141,2.09268,0.17439
Holmes13,13,115,0.199562,0.00848907,19.9562,2.04632,0.157409
Holmes14,14,115,0.201479,0.0135914,20.1479,2.02685,0.144775
Holmes15,15,115,0.218557,0.0178731,21.8557,1.86847,0.124565
Holmes16,16,115,0.243332,0.0156877,24.3332,1.67823,0.10489
Belikov,1,120,0.514727,0.0260278,51.4727,N/A,N/A
Cunningham,1,120,1.1122,0.0382006,111.22,N/A,N/A
Holmes1,1,120,0.447378,0.0203308,44.7378,1,1
Holmes2,2,120,0.268416,0.0198847,26.8416,1.66673,0.833367
Holmes3,3,120,0.203911,0.0185548,20.3911,2.19399,0.731329
Holmes4,4,120,0.181175,0.0156899,18.1175,2.46931,0.617329
Holmes5,5,120,0.167754,0.00747565,16.7754,2.66687,0.533374
Holmes6,6,120,0.16913,0.00530768,16.913,2.64517,0.440862
Holmes7,7,120,0.173472,0.014006,17.3472,2.57896,0.368423
Holmes8,8,120,0.170675,0.0076541,17.0675,2.62123,0.327653
Holmes9,9,120,0.173011,0.0152333,17.3011,2.58584,0.287315
Holmes10,10,120,0.185293,0.00641315,18.5293,2.41444,0.241444
Holmes11,11,120,0.195078,0.0092247,19.5078,2.29333,0.208484
Holmes12,12,120,0.199699,0.0161113,19.9699,2.24026,0.186688
Holmes13,13,120,0.203054,0.0101468,20.3054,2.20325,0.16948
Holmes14,14,120,0.212228,0.0103291,21.2228,2.10801,0.150572
Holmes15,15,120,0.209668,0.014484,20.9668,2.13374,0.14225
Holmes16,16,120,0.242852,0.0155828,24.2852,1.84218,0.115136
Belikov,1,125,0.557636,0.0250721,55.7636,N/A,N/A
Cunningham,1,125,1.18713,0.0248006,118.713,N/A,N/A
Holmes1,1,125,0.473681,0.0165201,47.3681,1,1
Holmes2,2,125,0.276819,0.00704426,27.6819,1.71116,0.855579
Holmes3,3,125,0.214699,0.012363,21.4699,2.20626,0.735419
Holmes4,4,125,0.183332,0.0118725,18.3332,2.58373,0.645933
Holmes5,5,125,0.178269,0.00831398,17.8269,2.65711,0.531423
Holmes6,6,125,0.177188,0.0115111,17.7188,2.67332,0.445554
Holmes7,7,125,0.176992,0.0135383,17.6992,2.67628,0.382326
Holmes8,8,125,0.1739,0.0137676,17.39,2.72387,0.340484
Holmes9,9,125,0.179742,0.0143977,17.9742,2.63534,0.292815
Holmes10,10,125,0.187038,0.00872925,18.7038,2.53254,0.253254
Holmes11,11,125,0.197761,0.0201195,19.7761,2.39522,0.217747
Holmes12,12,125,0.20357,0.0149769,20.357,2.32687,0.193906
Holmes13,13,125,0.208816,0.0120148,20.8816,2.26841,0.174493
Holmes14,14,125,0.213741,0.0110344,21.3741,2.21614,0.158296
Holmes15,15,125,0.223926,0.0102324,22.3926,2.11535,0.141023
Holmes16,16,125,0.251667,0.0202399,25.1667,1.88217,0.117636
Belikov,1,130,0.604766,0.0302095,60.4766,N/A,N/A
Cunningham,1,130,1.28074,0.0373356,128.074,N/A,N/A
Holmes1,1,130,0.515668,0.0192248,51.5668,1,1
Holmes2,2,130,0.296634,0.0118398,29.6634,1.7384,0.869199
Holmes3,3,130,0.229445,0.0139101,22.9445,2.24746,0.749153
Holmes4,4,130,0.194754,0.0104595,19.4754,2.64779,0.661948
Holmes5,5,130,0.188037,0.014765,18.8037,2.74238,0.548475
Holmes6,6,130,0.190287,0.0221852,19.0287,2.70995,0.451658
Holmes7,7,130,0.183184,0.0100542,18.3184,2.81503,0.402147
Holmes8,8,130,0.184237,0.0184942,18.4237,2.79894,0.349867
Holmes9,9,130,0.177572,0.00906176,17.7572,2.90399,0.322666
Holmes10,10,130,0.192565,0.00982882,19.2565,2.67789,0.267789
Holmes11,11,130,0.200948,0.0131777,20.0948,2.56618,0.233289
Holmes12,12,130,0.205578,0.00969258,20.5578,2.50838,0.209032
Holmes13,13,130,0.215142,0.0197393,21.5142,2.39687,0.184375
Holmes14,14,130,0.214446,0.0107688,21.4446,2.40465,0.171761
Holmes15,15,130,0.220332,0.0221674,22.0332,2.34041,0.156028
Holmes16,16,130,0.24109,0.0183986,24.109,2.1389,0.133681
Belikov,1,135,0.648132,0.0308794,64.8132,N/A,N/A
Cunningham,1,135,1.39607,0.0478964,139.607,N/A,N/A
Holmes1,1,135,0.562814,0.0298415,56.2814,1,1
Holmes2,2,135,0.317478,0.0112924,31.7478,1.77277,0.886383
Holmes3,3,135,0.236983,0.0243328,23.6983,2.37491,0.791638
Holmes4,4,135,0.204771,0.0151993,20.4771,2.7485,0.687126
Holmes5,5,135,0.195283,0.0099013,19.5283,2.88204,0.576409
Holmes6,6,135,0.194178,0.0183688,19.4178,2.89844,0.483074
Holmes7,7,135,0.191184,0.0185797,19.1184,2.94383,0.420548
Holmes8,8,135,0.192154,0.0133449,19.2154,2.92897,0.366122
Holmes9,9,135,0.195517,0.016604,19.5517,2.87859,0.319844
Holmes10,10,135,0.195628,0.0181316,19.5628,2.87696,0.287696
Holmes11,11,135,0.205957,0.00893412,20.5957,2.73268,0.248425
Holmes12,12,135,0.20583,0.00629512,20.583,2.73436,0.227864
Holmes13,13,135,0.218901,0.0072537,21.8901,2.57109,0.197776
Holmes14,14,135,0.22215,0.00847756,22.215,2.53349,0.180963
Holmes15,15,135,0.226939,0.011107,22.6939,2.48002,0.165335
Holmes16,16,135,0.228776,0.016592,22.8776,2.46011,0.153757
Belikov,1,140,0.699433,0.0373571,69.9433,N/A,N/A
Cunningham,1,140,1.50193,0.0438567,150.193,N/A,N/A
Holmes1,1,140,0.599001,0.0391941,59.9001,1,1
Holmes2,2,140,0.340031,0.00931999,34.0031,1.76161,0.880804
Holmes3,3,140,0.250102,0.0139493,25.0102,2.39503,0.798342
Holmes4,4,140,0.225012,0.015988,22.5012,2.66208,0.665521
Holmes5,5,140,0.209598,0.0171427,20.9598,2.85786,0.571571
Holmes6,6,140,0.198243,0.0145298,19.8243,3.02155,0.503592
Holmes7,7,140,0.200866,0.0188637,20.0866,2.98209,0.426013
Holmes8,8,140,0.20691,0.0138763,20.691,2.89498,0.361873
Holmes9,9,140,0.194512,0.00803117,19.4512,3.07951,0.342167
Holmes10,10,140,0.204525,0.0168994,20.4525,2.92874,0.292874
Holmes11,11,140,0.20833,0.0153533,20.833,2.87525,0.261386
Holmes12,12,140,0.218839,0.0160521,21.8839,2.73718,0.228098
Holmes13,13,140,0.222625,0.00850521,22.2625,2.69063,0.206971
Holmes14,14,140,0.238946,0.0086059,23.8946,2.50685,0.17906
Holmes15,15,140,0.24022,0.0109746,24.022,2.49355,0.166237
Holmes16,16,140,0.244351,0.0159137,24.4351,2.4514,0.153212
Belikov,1,145,0.750621,0.0437096,75.0621,N/A,N/A
Cunningham,1,145,1.60362,0.0806845,160.362,N/A,N/A
Holmes1,1,145,0.64217,0.0316992,64.217,1,1
Holmes2,2,145,0.362582,0.0185394,36.2582,1.7711,0.885551
Holmes3,3,145,0.271066,0.0157328,27.1066,2.36905,0.789685
Holmes4,4,145,0.232363,0.0136192,23.2363,2.76365,0.690912
Holmes5,5,145,0.21296,0.00998512,21.296,3.01545,0.60309
Holmes6,6,145,0.206906,0.0101557,20.6906,3.10368,0.51728
Holmes7,7,145,0.205138,0.0152646,20.5138,3.13043,0.447204
Holmes8,8,145,0.206975,0.0126794,20.6975,3.10265,0.387831
Holmes9,9,145,0.229759,0.016281,22.9759,2.79497,0.310552
Holmes10,10,145,0.205129,0.0173777,20.5129,3.13057,0.313057
Holmes11,11,145,0.212552,0.0133247,21.2552,3.02124,0.274658
Holmes12,12,145,0.224368,0.0117055,22.4368,2.86213,0.238511
Holmes13,13,145,0.230883,0.0145475,23.0883,2.78137,0.213951
Holmes14,14,145,0.233111,0.0116554,23.3111,2.75478,0.19677
Holmes15,15,145,0.241286,0.0163457,24.1286,2.66145,0.17743
Holmes16,16,145,0.253338,0.0112849,25.3338,2.53483,0.158427
Belikov,1,150,0.801295,0.0402637,80.1295,N/A,N/A
Cunningham,1,150,1.70248,0.0554968,170.248,N/A,N/A
Holmes1,1,150,0.682896,0.0331978,68.2896,1,1
Holmes2,2,150,0.381997,0.0088652,38.1997,1.7877,0.89385
Holmes3,3,150,0.280942,0.0209312,28.0942,2.43074,0.810246
Holmes4,4,150,0.24294,0.0149774,24.294,2.81097,0.702741
Holmes5,5,150,0.222733,0.0109057,22.2733,3.06598,0.613197
Holmes6,6,150,0.214466,0.017517,21.4466,3.18417,0.530695
Holmes7,7,150,0.209215,0.0178596,20.9215,3.26409,0.466298
Holmes8,8,150,0.216953,0.0114153,21.6953,3.14767,0.393458
Holmes9,9,150,0.236754,0.0122681,23.6754,2.88441,0.32049
Holmes10,10,150,0.209533,0.0142076,20.9533,3.25913,0.325913
Holmes11,11,150,0.216834,0.0131604,21.6834,3.1494,0.286309
Holmes12,12,150,0.224822,0.00970744,22.4822,3.0375,0.253125
Holmes13,13,150,0.236382,0.0132951,23.6382,2.88895,0.222227
Holmes14,14,150,0.242105,0.0131637,24.2105,2.82066,0.201476
Holmes15,15,150,0.246795,0.0152271,24.6795,2.76706,0.184471
Holmes16,16,150,0.256109,0.0131608,25.6109,2.66643,0.166652
Belikov,1,155,0.857607,0.0525513,85.7607,N/A,N/A
Cunningham,1,155,1.84715,0.0628044,184.715,N/A,N/A
Holmes1,1,155,0.731468,0.0340258,73.1468,1,1
Holmes2,2,155,0.411973,0.0204479,41.1973,1.77552,0.887762
Holmes3,3,155,0.307461,0.0333276,30.7461,2.37906,0.79302
Holmes4,4,155,0.249952,0.0169409,24.9952,2.92643,0.731608
Holmes5,5,155,0.230895,0.00783559,23.0895,3.16797,0.633594
Holmes6,6,155,0.217211,0.00794112,21.7211,3.36755,0.561258
Holmes7,7,155,0.214167,0.0154664,21.4167,3.41541,0.487916
Holmes8,8,155,0.217943,0.00990166,21.7943,3.35624,0.419529
Holmes9,9,155,0.231771,0.0193574,23.1771,3.15599,0.350666
Holmes10,10,155,0.245257,0.0154301,24.5257,2.98246,0.298246
Holmes11,11,155,0.227498,0.0178686,22.7498,3.21527,0.292297
Holmes12,12,155,0.228305,0.00977365,22.8305,3.20391,0.266992
Holmes13,13,155,0.240215,0.0113819,24.0215,3.04506,0.234235
Holmes14,14,155,0.247898,0.0159167,24.7898,2.95068,0.210763
Holmes15,15,155,0.257865,0.0105279,25.7865,2.83663,0.189109
Holmes16,16,155,0.259846,0.00996435,25.9846,2.81501,0.175938
Belikov,1,160,0.909309,0.0436895,90.9309,N/A,N/A
Cunningham,1,160,1.96121,0.0808823,196.121,N/A,N/A
Holmes1,1,160,0.776275,0.0371613,77.6275,1,1
Holmes2,2,160,0.430789,0.0196377,43.0789,1.80198,0.900992
Holmes3,3,160,0.316755,0.018085,31.6755,2.45071,0.816904
Holmes4,4,160,0.271407,0.0225942,27.1407,2.86019,0.715047
Holmes5,5,160,0.243953,0.0116515,24.3953,3.18207,0.636414
Holmes6,6,160,0.232202,0.016402,23.2202,3.3431,0.557184
Holmes7,7,160,0.223022,0.0106088,22.3022,3.48071,0.497244
Holmes8,8,160,0.222561,0.0131029,22.2561,3.48792,0.43599
Holmes9,9,160,0.239426,0.0227219,23.9426,3.24223,0.360248
Holmes10,10,160,0.25187,0.0100443,25.187,3.08205,0.308205
Holmes11,11,160,0.245349,0.0150803,24.5349,3.16396,0.287633
Holmes12,12,160,0.235804,0.011869,23.5804,3.29203,0.274336
Holmes13,13,160,0.243282,0.015345,24.3282,3.19084,0.24545
Holmes14,14,160,0.254028,0.0124497,25.4028,3.05586,0.218276
Holmes15,15,160,0.257222,0.0114991,25.7222,3.01792,0.201195
Holmes16,16,160,0.26059,0.0113543,26.059,2.97891,0.186182
Belikov,1,165,0.965127,0.045882,96.5127,N/A,N/A
Cunningham,1,165,2.05021,0.110583,205.021,N/A,N/A
Holmes1,1,165,0.822442,0.0397945,82.2442,1,1
Holmes2,2,165,0.481369,0.0329032,48.1369,1.70855,0.854274
Holmes3,3,165,0.351289,0.0289079,35.1289,2.34121,0.780404
Holmes4,4,165,0.280726,0.0187416,28.0726,2.9297,0.732424
Holmes5,5,165,0.253086,0.0193964,25.3086,3.24965,0.649931
Holmes6,6,165,0.235466,0.0107617,23.5466,3.49283,0.582138
Holmes7,7,165,0.231134,0.0105313,23.1134,3.55829,0.508327
Holmes8,8,165,0.235434,0.0170348,23.5434,3.4933,0.436663
Holmes9,9,165,0.243427,0.0101944,24.3427,3.3786,0.3754
Holmes10,10,165,0.261007,0.0153778,26.1007,3.15103,0.315103
Holmes11,11,165,0.266641,0.0128864,26.6641,3.08445,0.280405
Holmes12,12,165,0.249707,0.0109569,24.9707,3.29363,0.274469
Holmes13,13,165,0.251418,0.0157287,25.1418,3.27121,0.251632
Holmes14,14,165,0.258897,0.0166246,25.8897,3.17672,0.226908
Holmes15,15,165,0.263134,0.0190363,26.3134,3.12556,0.208371
Holmes16,16,165,0.270666,0.00964057,27.0666,3.03859,0.189912
Belikov,1,170,1.02341,0.0539399,102.341,N/A,N/A
Cunningham,1,170,2.2229,0.0694157,222.29,N/A,N/A
Holmes1,1,170,0.880322,0.0517669,88.0322,1,1
Holmes2,2,170,0.506252,0.0442451,50.6252,1.7389,0.86945
Holmes3,3,170,0.361778,0.0321455,36.1778,2.43332,0.811107
Holmes4,4,170,0.293316,0.01577,29.3316,3.00128,0.750319
Holmes5,5,170,0.263219,0.0110745,26.3219,3.34445,0.668889
Holmes6,6,170,0.246253,0.0166492,24.6253,3.57487,0.595811
Holmes7,7,170,0.237344,0.0191176,23.7344,3.70906,0.529865
Holmes8,8,170,0.242674,0.0101259,24.2674,3.62759,0.453449
Holmes9,9,170,0.252596,0.0144946,25.2596,3.4851,0.387233
Holmes10,10,170,0.268395,0.0121131,26.8395,3.27995,0.327995
Holmes11,11,170,0.265942,0.0138542,26.5942,3.3102,0.300928
Holmes12,12,170,0.269396,0.015106,26.9396,3.26776,0.272313
Holmes13,13,170,0.260193,0.0149822,26.0193,3.38334,0.260257
Holmes14,14,170,0.261518,0.0094898,26.1518,3.3662,0.240443
Holmes15,15,170,0.270337,0.0159781,27.0337,3.25639,0.217092
Holmes16,16,170,0.272701,0.0186023,27.2701,3.22816,0.20176
Belikov,1,175,1.0873,0.0605802,108.73,N/A,N/A
Cunningham,1,175,2.35941,0.0653946,235.941,N/A,N/A
Holmes1,1,175,0.919712,0.0274862,91.9712,1,1
Holmes2,2,175,0.547967,0.0510239,54.7967,1.67841,0.839204
Holmes3,3,175,0.373326,0.0364049,37.3326,2.46356,0.821188
Holmes4,4,175,0.312473,0.0270695,31.2473,2.94333,0.735833
Holmes5,5,175,0.27743,0.0183955,27.743,3.31511,0.663023
Holmes6,6,175,0.254975,0.011643,25.4975,3.60707,0.601178
Holmes7,7,175,0.244629,0.0198347,24.4629,3.75962,0.537089
Holmes8,8,175,0.246611,0.0164904,24.6611,3.7294,0.466175
Holmes9,9,175,0.272361,0.0156617,27.2361,3.37681,0.375201
Holmes10,10,175,0.271439,0.0182976,27.1439,3.38828,0.338828
Holmes11,11,175,0.274888,0.0171198,27.4888,3.34577,0.304161
Holmes12,12,175,0.275743,0.0101533,27.5743,3.3354,0.27795
Holmes13,13,175,0.269004,0.0122944,26.9004,3.41895,0.262996
Holmes14,14,175,0.272184,0.0152193,27.2184,3.37901,0.241358
Holmes15,15,175,0.271859,0.0133866,27.1859,3.38305,0.225537
Holmes16,16,175,0.274143,0.0168746,27.4143,3.35486,0.209679
Belikov,1,180,1.12583,0.0500627,112.583,N/A,N/A
Cunningham,1,180,2.50507,0.0896164,250.507,N/A,N/A
Holmes1,1,180,0.979364,0.0338713,97.9364,1,1
Holmes2,2,180,0.555622,0.0498046,55.5622,1.76264,0.881322
Holmes3,3,180,0.393244,0.0276454,39.3244,2.49047,0.830158
Holmes4,4,180,0.318463,0.0237929,31.8463,3.07528,0.768821
Holmes5,5,180,0.281302,0.0147855,28.1302,3.48154,0.696308
Holmes6,6,180,0.261783,0.0123811,26.1783,3.74113,0.623522
Holmes7,7,180,0.256098,0.0170006,25.6098,3.82418,0.546311
Holmes8,8,180,0.2607,0.0206336,26.07,3.75667,0.469584
Holmes9,9,180,0.276263,0.015741,27.6263,3.54504,0.393894
Holmes10,10,180,0.28811,0.0186357,28.811,3.39927,0.339927
Holmes11,11,180,0.279474,0.0153503,27.9474,3.50431,0.318574
Holmes12,12,180,0.285493,0.0108736,28.5493,3.43043,0.285869
Holmes13,13,180,0.281745,0.0105283,28.1745,3.47607,0.26739
Holmes14,14,180,0.277165,0.0152595,27.7165,3.53351,0.252393
Holmes15,15,180,0.286286,0.0197131,28.6286,3.42093,0.228062
Holmes16,16,180,0.280571,0.0192191,28.0571,3.49061,0.218163
Belikov,1,185,1.19859,0.0472677,119.859,N/A,N/A
Cunningham,1,185,2.59671,0.073275,259.671,N/A,N/A
Holmes1,1,185,1.01874,0.0197082,101.874,1,1
Holmes2,2,185,0.581922,0.042729,58.1922,1.75065,0.875325
Holmes3,3,185,0.422914,0.0449109,42.2914,2.40886,0.802954
Holmes4,4,185,0.347467,0.036815,34.7467,2.93191,0.732978
Holmes5,5,185,0.294599,0.0170759,29.4599,3.45806,0.691613
Holmes6,6,185,0.273645,0.0116815,27.3645,3.72286,0.620477
Holmes7,7,185,0.265938,0.0267499,26.5938,3.83075,0.54725
Holmes8,8,185,0.25768,0.015173,25.768,3.95352,0.494189
Holmes9,9,185,0.27682,0.0099337,27.682,3.68016,0.408907
Holmes10,10,185,0.296078,0.0170713,29.6078,3.44079,0.344079
Holmes11,11,185,0.291904,0.0156206,29.1904,3.48999,0.317272
Holmes12,12,185,0.29357,0.0136334,29.357,3.47018,0.289182
Holmes13,13,185,0.289411,0.0152105,28.9411,3.52005,0.270773
Holmes14,14,185,0.296124,0.0189147,29.6124,3.44025,0.245732
Holmes15,15,185,0.293427,0.0174984,29.3427,3.47188,0.231458
Holmes16,16,185,0.296615,0.0165382,29.6615,3.43456,0.21466
Belikov,1,190,1.25779,0.0516095,125.779,N/A,N/A
Cunningham,1,190,2.75682,0.0783898,275.682,N/A,N/A
Holmes1,1,190,1.07327,0.022366,107.327,1,1
Holmes2,2,190,0.591923,0.0345705,59.1923,1.8132,0.906598
Holmes3,3,190,0.420166,0.027131,42.0166,2.5544,0.851467
Holmes4,4,190,0.355432,0.028056,35.5432,3.01963,0.754907
Holmes5,5,190,0.313799,0.0240053,31.3799,3.42025,0.684051
Holmes6,6,190,0.287348,0.0154653,28.7348,3.73509,0.622516
Holmes7,7,190,0.276389,0.0165551,27.6389,3.88319,0.554742
Holmes8,8,190,0.280227,0.0266818,28.0227,3.83001,0.478751
Holmes9,9,190,0.29254,0.0143515,29.254,3.6688,0.407645
Holmes10,10,190,0.304032,0.0198424,30.4032,3.53013,0.353013
Holmes11,11,190,0.300815,0.0165012,30.0815,3.56788,0.324353
Holmes12,12,190,0.302014,0.0220541,30.2014,3.55372,0.296143
Holmes13,13,190,0.296751,0.0154332,29.6751,3.61674,0.278211
Holmes14,14,190,0.305715,0.015574,30.5715,3.51069,0.250764
Holmes15,15,190,0.308268,0.016618,30.8268,3.48162,0.232108
Holmes16,16,190,0.296405,0.0199017,29.6405,3.62096,0.22631
Belikov,1,195,1.32549,0.048878,132.549,N/A,N/A
Cunningham,1,195,2.93065,0.0641339,293.065,N/A,N/A
Holmes1,1,195,1.12582,0.0330364,112.582,1,1
Holmes2,2,195,0.632411,0.0466264,63.2411,1.7802,0.890101
Holmes3,3,195,0.441364,0.0317994,44.1364,2.55077,0.850257
Holmes4,4,195,0.369263,0.0252838,36.9263,3.04883,0.762207
Holmes5,5,195,0.323673,0.0227394,32.3673,3.47826,0.695652
Holmes6,6,195,0.293308,0.0160674,29.3308,3.83835,0.639725
Holmes7,7,195,0.282127,0.0209686,28.2127,3.99047,0.570067
Holmes8,8,195,0.293326,0.0103771,29.3326,3.83812,0.479764
Holmes9,9,195,0.304654,0.0174021,30.4654,3.6954,0.4106
Holmes10,10,195,0.312442,0.0167836,31.2442,3.60329,0.360329
Holmes11,11,195,0.314307,0.0196132,31.4307,3.58191,0.325628
Holmes12,12,195,0.313824,0.0228969,31.3824,3.58742,0.298952
Holmes13,13,195,0.311031,0.0157594,31.1031,3.61964,0.278434
Holmes14,14,195,0.306728,0.0129175,30.6728,3.67041,0.262172
Holmes15,15,195,0.314196,0.0143995,31.4196,3.58317,0.238878
Holmes16,16,195,0.320928,0.0128271,32.0928,3.50801,0.219251
Belikov,1,200,1.3874,0.0442561,138.74,N/A,N/A
Cunningham,1,200,2.99642,0.0807641,299.642,N/A,N/A
Holmes1,1,200,1.19629,0.038061,119.629,1,1
Holmes2,2,200,0.65556,0.0363369,65.556,1.82483,0.912416
Holmes3,3,200,0.463824,0.0148515,46.3824,2.57918,0.859728
Holmes4,4,200,0.384132,0.0276141,38.4132,3.11426,0.778565
Holmes5,5,200,0.341456,0.0201048,34.1456,3.50349,0.700698
Holmes6,6,200,0.308931,0.0259018,30.8931,3.87234,0.645391
Holmes7,7,200,0.288345,0.0159456,28.8345,4.1488,0.592686
Holmes8,8,200,0.285871,0.0191775,28.5871,4.18471,0.523089
Holmes9,9,200,0.310569,0.0100273,31.0569,3.85192,0.427991
Holmes10,10,200,0.321139,0.0147399,32.1139,3.72514,0.372514
Holmes11,11,200,0.316848,0.0138287,31.6848,3.77559,0.343235
Holmes12,12,200,0.321219,0.0192287,32.1219,3.72421,0.310351
Holmes13,13,200,0.31683,0.0179882,31.683,3.7758,0.290446
Holmes14,14,200,0.318792,0.0208968,31.8792,3.75256,0.26804
Holmes15,15,200,0.323382,0.0113707,32.3382,3.6993,0.24662
Holmes16,16,200,0.332128,0.0160213,33.2128,3.60189,0.225118
Belikov,1,205,1.45959,0.0583249,145.959,N/A,N/A
Cunningham,1,205,3.21107,0.0733118,321.107,N/A,N/A
Holmes1,1,205,1.25509,0.0206252,125.509,1,1
Holmes2,2,205,0.703825,0.0592008,70.3825,1.78324,0.891621
Holmes3,3,205,0.483987,0.0148833,48.3987,2.59323,0.86441
Holmes4,4,205,0.392211,0.0236877,39.2211,3.20004,0.800009
Holmes5,5,205,0.348002,0.0153373,34.8002,3.60656,0.721312
Holmes6,6,205,0.315265,0.0158237,31.5265,3.98106,0.663511
Holmes7,7,205,0.298753,0.0147838,29.8753,4.2011,0.600157
Holmes8,8,205,0.298159,0.0166806,29.8159,4.20947,0.526183
Holmes9,9,205,0.320269,0.0146055,32.0269,3.91886,0.435429
Holmes10,10,205,0.336091,0.0181304,33.6091,3.73438,0.373438
Holmes11,11,205,0.328464,0.0210963,32.8464,3.82109,0.347372
Holmes12,12,205,0.332371,0.0225748,33.2371,3.77617,0.314681
Holmes13,13,205,0.32279,0.0162718,32.279,3.88826,0.299097
Holmes14,14,205,0.32266,0.0121297,32.266,3.88982,0.277844
Holmes15,15,205,0.333035,0.010324,33.3035,3.76864,0.251243
Holmes16,16,205,0.337409,0.0114042,33.7409,3.71979,0.232487
Belikov,1,210,1.53502,0.0469778,153.502,N/A,N/A
Cunningham,1,210,3.36828,0.0728304,336.828,N/A,N/A
Holmes1,1,210,1.30805,0.0353237,130.805,1,1
Holmes2,2,210,0.722478,0.0454994,72.2478,1.8105,0.905252
Holmes3,3,210,0.502205,0.0253862,50.2205,2.60461,0.868204
Holmes4,4,210,0.422943,0.0339066,42.2943,3.09273,0.773183
Holmes5,5,210,0.360779,0.0267723,36.0779,3.62562,0.725125
Holmes6,6,210,0.325099,0.0184515,32.5099,4.02354,0.67059
Holmes7,7,210,0.30724,0.0212837,30.724,4.25742,0.608203
Holmes8,8,210,0.323649,0.0172958,32.3649,4.04157,0.505196
Holmes9,9,210,0.338971,0.0172743,33.8971,3.85888,0.428765
Holmes10,10,210,0.33971,0.0176743,33.971,3.85049,0.385049
Holmes11,11,210,0.334381,0.0161344,33.4381,3.91185,0.355623
Holmes12,12,210,0.330825,0.0165358,33.0825,3.9539,0.329492
Holmes13,13,210,0.331747,0.0179788,33.1747,3.94291,0.303301
Holmes14,14,210,0.327579,0.0156189,32.7579,3.99308,0.28522
Holmes15,15,210,0.34119,0.0130796,34.119,3.83378,0.255586
Holmes16,16,210,0.340583,0.0163263,34.0583,3.84062,0.240039
Belikov,1,215,1.60497,0.0607331,160.497,N/A,N/A
Cunningham,1,215,3.46083,0.0955048,346.083,N/A,N/A
Holmes1,1,215,1.3745,0.038025,137.45,1,1
Holmes2,2,215,0.777164,0.0610563,77.7164,1.76861,0.884305
Holmes3,3,215,0.551527,0.0346416,55.1527,2.49217,0.830724
Holmes4,4,215,0.431148,0.0183057,43.1148,3.188,0.797
Holmes5,5,215,0.368882,0.0194791,36.8882,3.72612,0.745225
Holmes6,6,215,0.339206,0.0209337,33.9206,4.05211,0.675352
Holmes7,7,215,0.317892,0.0198304,31.7892,4.3238,0.617685
Holmes8,8,215,0.320365,0.0259562,32.0365,4.29042,0.536302
Holmes9,9,215,0.348773,0.0164699,34.8773,3.94096,0.437884
Holmes10,10,215,0.356174,0.0134787,35.6174,3.85907,0.385907
Holmes11,11,215,0.344474,0.0186318,34.4474,3.99014,0.36274
Holmes12,12,215,0.341458,0.0162514,34.1458,4.02539,0.335449
Holmes13,13,215,0.343294,0.0181322,34.3294,4.00386,0.307989
Holmes14,14,215,0.336147,0.0161927,33.6147,4.08898,0.29207
Holmes15,15,215,0.342152,0.0148596,34.2152,4.01722,0.267815
Holmes16,16,215,0.350327,0.0207251,35.0327,3.92348,0.245217
Belikov,1,220,1.6794,0.0386742,167.94,N/A,N/A
Cunningham,1,220,3.62221,0.0725598,362.221,N/A,N/A
Holmes1,1,220,1.43479,0.0262523,143.479,1,1
Holmes2,2,220,0.779369,0.0278476,77.9369,1.84097,0.920484
Holmes3,3,220,0.573821,0.0540015,57.3821,2.50042,0.833474
Holmes4,4,220,0.446405,0.0206638,44.6405,3.21411,0.803527
Holmes5,5,220,0.392852,0.0272754,39.2852,3.65225,0.73045
Holmes6,6,220,0.352775,0.0198801,35.2775,4.06716,0.677861
Holmes7,7,220,0.329425,0.0246865,32.9425,4.35545,0.622207
Holmes8,8,220,0.348717,0.0167088,34.8717,4.11449,0.514312
Holmes9,9,220,0.356462,0.0221425,35.6462,4.0251,0.447233
Holmes10,10,220,0.368349,0.0224833,36.8349,3.8952,0.38952
Holmes11,11,220,0.358111,0.0149105,35.8111,4.00656,0.364233
Holmes12,12,220,0.354136,0.0129932,35.4136,4.05153,0.337628
Holmes13,13,220,0.356867,0.0194511,35.6867,4.02053,0.309271
Holmes14,14,220,0.348947,0.0188369,34.8947,4.11178,0.293699
Holmes15,15,220,0.350001,0.0165484,35.0001,4.0994,0.273293
Holmes16,16,220,0.361236,0.0174947,36.1236,3.9719,0.248244
Belikov,1,225,1.76047,0.0403534,176.047,N/A,N/A
Cunningham,1,225,3.81799,0.0961882,381.799,N/A,N/A
Holmes1,1,225,1.49453,0.0253667,149.453,1,1
Holmes2,2,225,0.814356,0.0403554,81.4356,1.83523,0.917616
Holmes3,3,225,0.562276,0.0185595,56.2276,2.658,0.886001
Holmes4,4,225,0.485777,0.0495144,48.5777,3.07658,0.769145
Holmes5,5,225,0.404615,0.0278783,40.4615,3.69371,0.738743
Holmes6,6,225,0.364164,0.0189561,36.4164,4.10401,0.684001
Holmes7,7,225,0.338086,0.0216562,33.8086,4.42057,0.63151
Holmes8,8,225,0.337594,0.0194631,33.7594,4.42701,0.553376
Holmes9,9,225,0.374671,0.0229613,37.4671,3.98892,0.443213
Holmes10,10,225,0.37528,0.0131508,37.528,3.98245,0.398245
Holmes11,11,225,0.367086,0.0142901,36.7086,4.07134,0.370122
Holmes12,12,225,0.360879,0.014986,36.0879,4.14137,0.345114
Holmes13,13,225,0.36494,0.0166313,36.494,4.09528,0.315022
Holmes14,14,225,0.364537,0.0254144,36.4537,4.09981,0.292843
Holmes15,15,225,0.364416,0.027836,36.4416,4.10117,0.273411
Holmes16,16,225,0.365494,0.0137317,36.5494,4.08907,0.255567
Belikov,1,230,1.83049,0.0452188,183.049,N/A,N/A
Cunningham,1,230,3.98738,0.0915725,398.738,N/A,N/A
Holmes1,1,230,1.57154,0.0456091,157.154,1,1
Holmes2,2,230,0.893162,0.0695679,89.3162,1.75953,0.879763
Holmes3,3,230,0.615643,0.042744,61.5643,2.55268,0.850894
Holmes4,4,230,0.497281,0.0499477,49.7281,3.16027,0.790067
Holmes5,5,230,0.41587,0.0186826,41.587,3.77892,0.755785
Holmes6,6,230,0.372843,0.0300084,37.2843,4.21502,0.702503
Holmes7,7,230,0.350733,0.0211572,35.0733,4.48073,0.640105
Holmes8,8,230,0.348696,0.031424,34.8696,4.50691,0.563364
Holmes9,9,230,0.388045,0.0233469,38.8045,4.04989,0.449988
Holmes10,10,230,0.390125,0.0169556,39.0125,4.0283,0.40283
Holmes11,11,230,0.38434,0.0208475,38.434,4.08893,0.371721
Holmes12,12,230,0.367125,0.0153289,36.7125,4.28067,0.356723
Holmes13,13,230,0.365704,0.023253,36.5704,4.2973,0.330562
Holmes14,14,230,0.37402,0.020081,37.402,4.20176,0.300125
Holmes15,15,230,0.368402,0.016876,36.8402,4.26583,0.284389
Holmes16,16,230,0.371902,0.0133099,37.1902,4.22569,0.264105
Belikov,1,235,1.9279,0.0562185,192.79,N/A,N/A
Cunningham,1,235,4.14372,0.0799639,414.372,N/A,N/A
Holmes1,1,235,1.63393,0.0379632,163.393,1,1
Holmes2,2,235,0.932545,0.0755026,93.2545,1.75212,0.876059
Holmes3,3,235,0.641148,0.0527258,64.1148,2.54844,0.84948
Holmes4,4,235,0.499432,0.0314801,49.9432,3.27157,0.817893
Holmes5,5,235,0.423611,0.0197888,42.3611,3.85714,0.771429
Holmes6,6,235,0.383413,0.0167027,38.3413,4.26154,0.710256
Holmes7,7,235,0.358366,0.0231662,35.8366,4.55938,0.65134
Holmes8,8,235,0.352922,0.0262373,35.2922,4.62971,0.578714
Holmes9,9,235,0.393781,0.012523,39.3781,4.14933,0.461037
Holmes10,10,235,0.395523,0.0149294,39.5523,4.13106,0.413106
Holmes11,11,235,0.388428,0.016922,38.8428,4.20651,0.38241
Holmes12,12,235,0.382674,0.0208018,38.2674,4.26976,0.355814
Holmes13,13,235,0.37456,0.0172962,37.456,4.36226,0.335558
Holmes14,14,235,0.386456,0.0197737,38.6456,4.22798,0.301999
Holmes15,15,235,0.385445,0.0216473,38.5445,4.23907,0.282605
Holmes16,16,235,0.379594,0.018122,37.9594,4.30441,0.269026
Belikov,1,240,1.99069,0.0406976,199.069,N/A,N/A
Cunningham,1,240,4.28863,0.0923653,428.863,N/A,N/A
Holmes1,1,240,1.72408,0.031166,172.408,1,1
Holmes2,2,240,0.927871,0.0462939,92.7871,1.85811,0.929053
Holmes3,3,240,0.655943,0.0404388,65.5943,2.6284,0.876134
Holmes4,4,240,0.523003,0.0375604,52.3003,3.2965,0.824126
Holmes5,5,240,0.446876,0.0278264,44.6876,3.85808,0.771615
Holmes6,6,240,0.400471,0.019003,40.0471,4.30514,0.717523
Holmes7,7,240,0.376024,0.0314444,37.6024,4.58503,0.655005
Holmes8,8,240,0.379629,0.0291591,37.9629,4.54149,0.567686
Holmes9,9,240,0.40218,0.0182832,40.218,4.28684,0.476316
Holmes10,10,240,0.409589,0.0156276,40.9589,4.2093,0.42093
Holmes11,11,240,0.401043,0.0187505,40.1043,4.299,0.390818
Holmes12,12,240,0.391291,0.0188913,39.1291,4.40614,0.367178
Holmes13,13,240,0.387935,0.0127421,38.7935,4.44425,0.341866
Holmes14,14,240,0.400165,0.0200026,40.0165,4.30843,0.307745
Holmes15,15,240,0.39526,0.0148635,39.526,4.36189,0.290793
Holmes16,16,240,0.389318,0.0162755,38.9318,4.42847,0.276779
Belikov,1,245,2.06935,0.0631974,206.935,N/A,N/A
Cunningham,1,245,4.63407,0.120288,463.407,N/A,N/A
Holmes1,1,245,1.77559,0.029839,177.559,1,1
Holmes2,2,245,0.966899,0.0517667,96.6899,1.83637,0.918185
Holmes3,3,245,0.688901,0.0601496,68.8901,2.57742,0.859139
Holmes4,4,245,0.541869,0.0293304,54.1869,3.27678,0.819195
Holmes5,5,245,0.466361,0.0304654,46.6361,3.80732,0.761464
Holmes6,6,245,0.412732,0.025153,41.2732,4.30203,0.717005
Holmes7,7,245,0.386659,0.0291819,38.6659,4.59212,0.656017
Holmes8,8,245,0.37957,0.0306779,37.957,4.67789,0.584736
Holmes9,9,245,0.424739,0.00744291,42.4739,4.18041,0.46449
Holmes10,10,245,0.422983,0.0157615,42.2983,4.19777,0.419777
Holmes11,11,245,0.407705,0.019519,40.7705,4.35507,0.395916
Holmes12,12,245,0.398044,0.0161734,39.8044,4.46078,0.371731
Holmes13,13,245,0.394523,0.0142367,39.4523,4.50059,0.346199
Holmes14,14,245,0.39808,0.0230703,39.808,4.46037,0.318598
Holmes15,15,245,0.407937,0.0241517,40.7937,4.3526,0.290173
Holmes16,16,245,0.398644,0.0160102,39.8644,4.45406,0.278379
Belikov,1,250,2.15375,0.0629127,215.375,N/A,N/A
Cunningham,1,250,4.62487,0.0939423,462.487,N/A,N/A
Holmes1,1,250,1.85738,0.0565257,185.738,1,1
Holmes2,2,250,1.00517,0.0454956,100.517,1.84783,0.923915
Holmes3,3,250,0.722606,0.0594312,72.2606,2.57039,0.856797
Holmes4,4,250,0.567083,0.0351187,56.7083,3.27532,0.81883
Holmes5,5,250,0.476711,0.024789,47.6711,3.89624,0.779247
Holmes6,6,250,0.42344,0.0206034,42.344,4.3864,0.731067
Holmes7,7,250,0.398075,0.023305,39.8075,4.6659,0.666557
Holmes8,8,250,0.382735,0.0299056,38.2735,4.85291,0.606614
Holmes9,9,250,0.440857,0.0240437,44.0857,4.21311,0.468123
Holmes10,10,250,0.43495,0.0160624,43.495,4.27033,0.427033
Holmes11,11,250,0.422605,0.0120966,42.2605,4.39507,0.399552
Holmes12,12,250,0.410902,0.0164036,41.0902,4.52025,0.376687
Holmes13,13,250,0.407466,0.019841,40.7466,4.55837,0.350644
Holmes14,14,250,0.40063,0.0245038,40.063,4.63615,0.331153
Holmes15,15,250,0.416014,0.0186375,41.6014,4.4647,0.297647
Holmes16,16,250,0.415443,0.02029,41.5443,4.47084,0.279427
Belikov,1,255,2.24425,0.0758433,224.425,N/A,N/A
Cunningham,1,255,4.88943,0.144287,488.943,N/A,N/A
Holmes1,1,255,1.95261,0.0677049,195.261,1,1
Holmes2,2,255,1.06304,0.076515,106.304,1.83681,0.918406
Holmes3,3,255,0.742642,0.0620918,74.2642,2.62928,0.876426
Holmes4,4,255,0.596805,0.0507345,59.6805,3.27178,0.817944
Holmes5,5,255,0.48991,0.0272863,48.991,3.98565,0.797131
Holmes6,6,255,0.439633,0.0253665,43.9633,4.44146,0.740243
Holmes7,7,255,0.408304,0.0279758,40.8304,4.78225,0.683179
Holmes8,8,255,0.440224,0.0313401,44.0224,4.4355,0.554437
Holmes9,9,255,0.436504,0.0288334,43.6504,4.4733,0.497033
Holmes10,10,255,0.446165,0.0129919,44.6165,4.37643,0.437643
Holmes11,11,255,0.437787,0.0147069,43.7787,4.46019,0.405472
Holmes12,12,255,0.422498,0.0183606,42.2498,4.62159,0.385132
Holmes13,13,255,0.413728,0.0165303,41.3728,4.71955,0.363043
Holmes14,14,255,0.409177,0.0186675,40.9177,4.77205,0.340861
Holmes15,15,255,0.424796,0.0199778,42.4796,4.59659,0.306439
Holmes16,16,255,0.428576,0.0178802,42.8576,4.55605,0.284753
Belikov,1,260,2.32023,0.0784119,232.023,N/A,N/A
Cunningham,1,260,5.05553,0.14638,505.553,N/A,N/A
Holmes1,1,260,2.00498,0.071728,200.498,1,1
Holmes2,2,260,1.0863,0.0784843,108.63,1.84571,0.922854
Holmes3,3,260,0.764393,0.0493691,76.4393,2.62298,0.874326
Holmes4,4,260,0.610846,0.0555464,61.0846,3.28231,0.820577
Holmes5,5,260,0.50572,0.0262669,50.572,3.96461,0.792923
Holmes6,6,260,0.446151,0.0251016,44.6151,4.49396,0.748993
Holmes7,7,260,0.419265,0.0250188,41.9265,4.78214,0.683163
Holmes8,8,260,0.420245,0.0351394,42.0245,4.77099,0.596374
Holmes9,9,260,0.450129,0.0323581,45.0129,4.45425,0.494916
Holmes10,10,260,0.46199,0.0157818,46.199,4.33989,0.433989
Holmes11,11,260,0.448261,0.0200828,44.8261,4.47281,0.406619
Holmes12,12,260,0.432115,0.0102478,43.2115,4.63993,0.386661
Holmes13,13,260,0.418627,0.0170368,41.8627,4.78943,0.368418
Holmes14,14,260,0.422123,0.0211482,42.2123,4.74976,0.339269
Holmes15,15,260,0.433484,0.0228884,43.3484,4.62528,0.308352
Holmes16,16,260,0.435084,0.0126372,43.5084,4.60827,0.288017
Belikov,1,265,2.44113,0.107036,244.113,N/A,N/A
Cunningham,1,265,5.31619,0.164055,531.619,N/A,N/A
Holmes1,1,265,2.10245,0.0813423,210.245,1,1
Holmes2,2,265,1.11539,0.047937,111.539,1.88495,0.942473
Holmes3,3,265,0.792774,0.0397221,79.2774,2.65201,0.884004
Holmes4,4,265,0.640277,0.0515253,64.0277,3.28365,0.820913
Holmes5,5,265,0.532259,0.0324888,53.2259,3.95004,0.790009
Holmes6,6,265,0.473276,0.0383257,47.3276,4.44233,0.740388
Holmes7,7,265,0.439035,0.0347497,43.9035,4.78879,0.684113
Holmes8,8,265,0.447401,0.0400225,44.7401,4.69925,0.587406
Holmes9,9,265,0.48853,0.0260568,48.853,4.30362,0.47818
Holmes10,10,265,0.479244,0.0159406,47.9244,4.38701,0.438701
Holmes11,11,265,0.460099,0.0145201,46.0099,4.56955,0.415414
Holmes12,12,265,0.441685,0.0177887,44.1685,4.76006,0.396672
Holmes13,13,265,0.430849,0.0165646,43.0849,4.87978,0.375367
Holmes14,14,265,0.426519,0.0156724,42.6519,4.92932,0.352094
Holmes15,15,265,0.436099,0.0318545,43.6099,4.82103,0.321402
Holmes16,16,265,0.443006,0.0146104,44.3006,4.74587,0.296617
Belikov,1,270,2.50912,0.0832913,250.912,N/A,N/A
Cunningham,1,270,5.46992,0.112334,546.992,N/A,N/A
Holmes1,1,270,2.15081,0.0394877,215.081,1,1
Holmes2,2,270,1.15777,0.05629,115.777,1.85772,0.928858
Holmes3,3,270,0.813569,0.0472821,81.3569,2.64367,0.881223
Holmes4,4,270,0.661539,0.0491385,66.1539,3.25122,0.812804
Holmes5,5,270,0.549298,0.0469734,54.9298,3.91556,0.783111
Holmes6,6,270,0.480233,0.0255572,48.0233,4.47867,0.746446
Holmes7,7,270,0.443576,0.0304489,44.3576,4.84879,0.692684
Holmes8,8,270,0.444362,0.0416077,44.4362,4.84021,0.605027
Holmes9,9,270,0.475487,0.0202843,47.5487,4.52338,0.502597
Holmes10,10,270,0.488503,0.0180834,48.8503,4.40285,0.440285
Holmes11,11,270,0.470799,0.0165378,47.0799,4.56842,0.415311
Holmes12,12,270,0.456673,0.0200615,45.6673,4.70973,0.392478
Holmes13,13,270,0.444099,0.0246994,44.4099,4.84308,0.372545
Holmes14,14,270,0.438213,0.0140261,43.8213,4.90813,0.350581
Holmes15,15,270,0.441767,0.0282481,44.1767,4.86865,0.324576
Holmes16,16,270,0.458674,0.0180932,45.8674,4.68918,0.293074
Belikov,1,275,2.60109,0.116002,260.109,N/A,N/A
Cunningham,1,275,5.6533,0.0834767,565.33,N/A,N/A
Holmes1,1,275,2.22974,0.0514767,222.974,1,1
Holmes2,2,275,1.21886,0.0380344,121.886,1.82936,0.914681
Holmes3,3,275,0.870836,0.0727165,87.0836,2.56045,0.853485
Holmes4,4,275,0.671384,0.0522226,67.1384,3.3211,0.830276
Holmes5,5,275,0.560083,0.0387819,56.0083,3.98108,0.796216
Holmes6,6,275,0.497481,0.0245918,49.7481,4.48205,0.747009
Holmes7,7,275,0.457269,0.0287746,45.7269,4.8762,0.6966
Holmes8,8,275,0.484393,0.035823,48.4393,4.60315,0.575394
Holmes9,9,275,0.47681,0.0266575,47.681,4.67636,0.519596
Holmes10,10,275,0.49988,0.0142112,49.988,4.46054,0.446054
Holmes11,11,275,0.481582,0.0178668,48.1582,4.63002,0.420911
Holmes12,12,275,0.464926,0.0136733,46.4926,4.79589,0.399658
Holmes13,13,275,0.45201,0.0149831,45.201,4.93294,0.379457
Holmes14,14,275,0.443457,0.0142378,44.3457,5.02808,0.359148
Holmes15,15,275,0.445139,0.0247516,44.5139,5.00908,0.333939
Holmes16,16,275,0.462133,0.0197426,46.2133,4.82488,0.301555
Belikov,1,280,2.677,0.0648758,267.7,N/A,N/A
Cunningham,1,280,5.83058,0.108774,583.058,N/A,N/A
Holmes1,1,280,2.3117,0.0469047,231.17,1,1
Holmes2,2,280,1.27539,0.0391716,127.539,1.81255,0.906274
Holmes3,3,280,0.908026,0.0766931,90.8026,2.54585,0.848617
Holmes4,4,280,0.68844,0.0389945,68.844,3.35788,0.83947
Holmes5,5,280,0.575056,0.024907,57.5056,4.01996,0.803991
Holmes6,6,280,0.507849,0.0217921,50.7849,4.55194,0.758657
Holmes7,7,280,0.462386,0.0281441,46.2386,4.9995,0.714215
Holmes8,8,280,0.470462,0.0412128,47.0462,4.91368,0.61421
Holmes9,9,280,0.494263,0.0266928,49.4263,4.67706,0.519674
Holmes10,10,280,0.511577,0.0137098,51.1577,4.51877,0.451877
Holmes11,11,280,0.496224,0.0171152,49.6224,4.65858,0.423507
Holmes12,12,280,0.47518,0.0157086,47.518,4.86489,0.405408
Holmes13,13,280,0.464939,0.0182301,46.4939,4.97205,0.382465
Holmes14,14,280,0.457199,0.0294175,45.7199,5.05622,0.361159
Holmes15,15,280,0.455709,0.0261017,45.5709,5.07275,0.338184
Holmes16,16,280,0.471483,0.0209944,47.1483,4.90304,0.30644
Belikov,1,285,2.77147,0.0750158,277.147,N/A,N/A
Cunningham,1,285,6.00544,0.185181,600.544,N/A,N/A
Holmes1,1,285,2.38599,0.0486626,238.599,1,1
Holmes2,2,285,1.29563,0.0605263,129.563,1.84156,0.920782
Holmes3,3,285,0.931189,0.0894296,93.1189,2.5623,0.8541
Holmes4,4,285,0.727758,0.0547955,72.7758,3.27854,0.819636
Holmes5,5,285,0.593496,0.0265355,59.3496,4.02022,0.804045
Holmes6,6,285,0.528689,0.0333426,52.8689,4.51302,0.752171
Holmes7,7,285,0.479786,0.0312326,47.9786,4.97302,0.710432
Holmes8,8,285,0.470335,0.0405785,47.0335,5.07295,0.634119
Holmes9,9,285,0.531141,0.0340586,53.1141,4.49219,0.499132
Holmes10,10,285,0.530382,0.0149923,53.0382,4.49862,0.449862
Holmes11,11,285,0.506129,0.0163462,50.6129,4.71419,0.428562
Holmes12,12,285,0.489224,0.0132181,48.9224,4.87708,0.406424
Holmes13,13,285,0.473729,0.0143356,47.3729,5.03661,0.387431
Holmes14,14,285,0.462245,0.0146123,46.2245,5.16173,0.368695
Holmes15,15,285,0.457239,0.0178601,45.7239,5.21825,0.347883
Holmes16,16,285,0.469244,0.032286,46.9244,5.08474,0.317797
Belikov,1,290,2.91156,0.0783485,291.156,N/A,N/A
Cunningham,1,290,6.2356,0.124704,623.56,N/A,N/A
Holmes1,1,290,2.48344,0.0452097,248.344,1,1
Holmes2,2,290,1.39878,0.130143,139.878,1.77543,0.887716
Holmes3,3,290,0.931303,0.0663514,93.1303,2.66663,0.888876
Holmes4,4,290,0.734662,0.0538082,73.4662,3.38038,0.845096
Holmes5,5,290,0.609297,0.0192289,60.9297,4.07591,0.815182
Holmes6,6,290,0.542175,0.0315912,54.2175,4.58051,0.763419
Holmes7,7,290,0.493908,0.0229137,49.3908,5.02814,0.718306
Holmes8,8,290,0.521528,0.0485416,52.1528,4.76185,0.595231
Holmes9,9,290,0.519637,0.0277753,51.9637,4.77918,0.53102
Holmes10,10,290,0.54182,0.0168738,54.182,4.58351,0.458351
Holmes11,11,290,0.525482,0.0188944,52.5482,4.72602,0.429638
Holmes12,12,290,0.499323,0.0161038,49.9323,4.97361,0.414468
Holmes13,13,290,0.489122,0.0168526,48.9122,5.07734,0.390565
Holmes14,14,290,0.476299,0.0162429,47.6299,5.21403,0.372431
Holmes15,15,290,0.466536,0.0163357,46.6536,5.32315,0.354876
Holmes16,16,290,0.47676,0.0292701,47.676,5.20899,0.325562
Belikov,1,295,2.97509,0.0781214,297.509,N/A,N/A
Cunningham,1,295,6.46818,0.115504,646.818,N/A,N/A
Holmes1,1,295,2.57047,0.0423939,257.047,1,1
Holmes2,2,295,1.37799,0.0473209,137.799,1.86537,0.932687
Holmes3,3,295,0.986913,0.0742368,98.6913,2.60455,0.868185
Holmes4,4,295,0.775622,0.05589,77.5622,3.31407,0.828518
Holmes5,5,295,0.630996,0.0219664,63.0996,4.07367,0.814734
Holmes6,6,295,0.559228,0.0314728,55.9228,4.59646,0.766076
Holmes7,7,295,0.510551,0.0371152,51.0551,5.03469,0.719242
Holmes8,8,295,0.551697,0.0513079,55.1697,4.6592,0.5824
Holmes9,9,295,0.552363,0.0320031,55.2363,4.65358,0.517065
Holmes10,10,295,0.553928,0.0146793,55.3928,4.64044,0.464044
Holmes11,11,295,0.527588,0.0115397,52.7588,4.87211,0.442919
Holmes12,12,295,0.513362,0.0198273,51.3362,5.00713,0.41726
Holmes13,13,295,0.497797,0.0113783,49.7797,5.16369,0.397207
Holmes14,14,295,0.484767,0.0205779,48.4767,5.30248,0.378749
Holmes15,15,295,0.478453,0.0231146,47.8453,5.37246,0.358164
Holmes16,16,295,0.482182,0.0294229,48.2182,5.33091,0.333182
Belikov,1,300,3.11454,0.0624965,311.454,N/A,N/A
Cunningham,1,300,6.68044,0.168653,668.044,N/A,N/A
Holmes1,1,300,2.65517,0.0415883,265.517,1,1
Holmes2,2,300,1.47006,0.110024,147.006,1.80617,0.903085
Holmes3,3,300,1.00325,0.0561803,100.325,2.64659,0.882195
Holmes4,4,300,0.784895,0.0457207,78.4895,3.38284,0.84571
Holmes5,5,300,0.655927,0.0300445,65.5927,4.04797,0.809594
Holmes6,6,300,0.566234,0.0373417,56.6234,4.68918,0.78153
Holmes7,7,300,0.522033,0.0277591,52.2033,5.08622,0.726603
Holmes8,8,300,0.505875,0.0489361,50.5875,5.24868,0.656085
Holmes9,9,300,0.555867,0.0322503,55.5867,4.77664,0.530737
Holmes10,10,300,0.570673,0.0160031,57.0673,4.65271,0.465271
Holmes11,11,300,0.548032,0.0149936,54.8032,4.84493,0.440448
Holmes12,12,300,0.528317,0.0141908,52.8317,5.02572,0.41881
Holmes13,13,300,0.509767,0.0180048,50.9767,5.2086,0.400662
Holmes14,14,300,0.501692,0.0231236,50.1692,5.29244,0.378031
Holmes15,15,300,0.483319,0.0210742,48.3319,5.49363,0.366242
Holmes16,16,300,0.489733,0.0261993,48.9733,5.42168,0.338855
Belikov,1,305,3.20942,0.0591094,320.942,N/A,N/A
Cunningham,1,305,6.84023,0.125098,684.023,N/A,N/A
Holmes1,1,305,2.74546,0.0331869,274.546,1,1
Holmes2,2,305,1.51925,0.0951912,151.925,1.80712,0.903558
Holmes3,3,305,1.03683,0.0600365,103.683,2.64795,0.88265
Holmes4,4,305,0.809781,0.0536639,80.9781,3.39038,0.847594
Holmes5,5,305,0.678414,0.0381466,67.8414,4.04688,0.809377
Holmes6,6,305,0.593462,0.0423516,59.3462,4.62618,0.77103
Holmes7,7,305,0.529729,0.0225899,52.9729,5.18277,0.740395
Holmes8,8,305,0.54378,0.0582784,54.378,5.04885,0.631106
Holmes9,9,305,0.609258,0.0150405,60.9258,4.50624,0.500693
Holmes10,10,305,0.583542,0.0144526,58.3542,4.70482,0.470482
Holmes11,11,305,0.56083,0.0147204,56.083,4.89536,0.445032
Holmes12,12,305,0.542341,0.0167065,54.2341,5.06224,0.421854
Holmes13,13,305,0.522246,0.019386,52.2246,5.25703,0.404387
Holmes14,14,305,0.508646,0.0161932,50.8646,5.39759,0.385542
Holmes15,15,305,0.494389,0.0243125,49.4389,5.55324,0.370216
Holmes16,16,305,0.498008,0.0294987,49.8008,5.51289,0.344555
Belikov,1,310,3.31879,0.0758136,331.879,N/A,N/A
Cunningham,1,310,7.1576,0.179239,715.76,N/A,N/A
Holmes1,1,310,2.84043,0.0495276,284.043,1,1
Holmes2,2,310,1.5678,0.0969531,156.78,1.81173,0.905864
Holmes3,3,310,1.09147,0.0736346,109.147,2.60239,0.867463
Holmes4,4,310,0.841954,0.0547237,84.1954,3.37362,0.843405
Holmes5,5,310,0.698962,0.0480953,69.8962,4.06379,0.812757
Holmes6,6,310,0.604308,0.0244748,60.4308,4.70031,0.783384
Holmes7,7,310,0.545359,0.03938,54.5359,5.20837,0.744053
Holmes8,8,310,0.514904,0.0377825,51.4904,5.51643,0.689554
Holmes9,9,310,0.584338,0.0191275,58.4338,4.86094,0.540105
Holmes10,10,310,0.600585,0.0145613,60.0585,4.72944,0.472944
Holmes11,11,310,0.573131,0.0178744,57.3131,4.95599,0.450545
Holmes12,12,310,0.55499,0.0244815,55.499,5.11799,0.426499
Holmes13,13,310,0.534015,0.0171997,53.4015,5.31901,0.409155
Holmes14,14,310,0.52245,0.0219359,52.245,5.43676,0.38834
Holmes15,15,310,0.510528,0.028226,51.0528,5.56372,0.370914
Holmes16,16,310,0.505815,0.0282361,50.5815,5.61556,0.350972
Belikov,1,315,3.43505,0.0781022,343.505,N/A,N/A
Cunningham,1,315,7.27442,0.142211,727.442,N/A,N/A
Holmes1,1,315,2.93939,0.0353604,293.939,1,1
Holmes2,2,315,1.59548,0.111955,159.548,1.84232,0.92116
Holmes3,3,315,1.11043,0.0787688,111.043,2.64707,0.882356
Holmes4,4,315,0.874238,0.0742875,87.4238,3.36223,0.840558
Holmes5,5,315,0.706831,0.0405159,70.6831,4.15855,0.83171
Holmes6,6,315,0.619867,0.0332721,61.9867,4.74197,0.790328
Holmes7,7,315,0.667553,0.0914427,66.7553,4.40323,0.629033
Holmes8,8,315,0.645561,0.0272524,64.5561,4.55324,0.569154
Holmes9,9,315,0.610169,0.0291801,61.0169,4.81734,0.53526
Holmes10,10,315,0.618411,0.0188591,61.8411,4.75314,0.475314
Holmes11,11,315,0.588449,0.013786,58.8449,4.99515,0.454105
Holmes12,12,315,0.569273,0.0168471,56.9273,5.16341,0.430284
Holmes13,13,315,0.548307,0.0297955,54.8307,5.36085,0.412373
Holmes14,14,315,0.526064,0.0141902,52.6064,5.58752,0.399108
Holmes15,15,315,0.514944,0.0164957,51.4944,5.70818,0.380545
Holmes16,16,315,0.511675,0.0244669,51.1675,5.74464,0.35904
Belikov,1,320,3.51392,0.107983,351.392,N/A,N/A
Cunningham,1,320,7.5729,0.160889,757.29,N/A,N/A
Holmes1,1,320,3.0251,0.0783966,302.51,1,1
Holmes2,2,320,1.62257,0.0267718,162.257,1.86439,0.932193
Holmes3,3,320,1.14276,0.0880783,114.276,2.64718,0.882395
Holmes4,4,320,0.883129,0.0783265,88.3129,3.42544,0.856359
Holmes5,5,320,0.734234,0.0390767,73.4234,4.12008,0.824016
Holmes6,6,320,0.634693,0.0476863,63.4693,4.76624,0.794374
Holmes7,7,320,0.580721,0.035209,58.0721,5.20922,0.744174
Holmes8,8,320,0.657219,0.0168885,65.7219,4.60288,0.57536
Holmes9,9,320,0.648214,0.031259,64.8214,4.66683,0.518536
Holmes10,10,320,0.634169,0.0156984,63.4169,4.77018,0.477018
Holmes11,11,320,0.604907,0.0183216,60.4907,5.00094,0.454631
Holmes12,12,320,0.583759,0.0186583,58.3759,5.18211,0.431842
Holmes13,13,320,0.556276,0.0159315,55.6276,5.43813,0.418318
Holmes14,14,320,0.545547,0.0185064,54.5547,5.54508,0.396077
Holmes15,15,320,0.527019,0.0199086,52.7019,5.74002,0.382668
Holmes16,16,320,0.525287,0.0296642,52.5287,5.75895,0.359934
Belikov,1,325,3.60676,0.105995,360.676,N/A,N/A
Cunningham,1,325,7.84045,0.186884,784.045,N/A,N/A
Holmes1,1,325,3.11323,0.0632075,311.323,1,1
Holmes2,2,325,1.70374,0.0720805,170.374,1.82729,0.913645
Holmes3,3,325,1.19909,0.123687,119.909,2.59632,0.865441
Holmes4,4,325,0.920468,0.0702972,92.0468,3.38222,0.845555
Holmes5,5,325,0.746531,0.0304723,74.6531,4.17026,0.834051
Holmes6,6,325,0.657832,0.0465604,65.7832,4.73255,0.788759
Holmes7,7,325,0.584888,0.0201068,58.4888,5.32277,0.760396
Holmes8,8,325,0.672742,0.0537926,67.2742,4.62767,0.578458
Holmes9,9,325,0.651743,0.0304527,65.1743,4.77677,0.530752
Holmes10,10,325,0.655064,0.02044,65.5064,4.75255,0.475255
Holmes11,11,325,0.618387,0.0156895,61.8387,5.03443,0.457675
Holmes12,12,325,0.59249,0.0183404,59.249,5.25448,0.437873
Holmes13,13,325,0.567863,0.0116979,56.7863,5.48235,0.42172
Holmes14,14,325,0.554413,0.0214092,55.4413,5.61536,0.401097
Holmes15,15,325,0.536136,0.028925,53.6136,5.80678,0.387119
Holmes16,16,325,0.533215,0.0256559,53.3215,5.83859,0.364912
Belikov,1,330,3.72606,0.13409,372.606,N/A,N/A
Cunningham,1,330,8.07071,0.165738,807.071,N/A,N/A
Holmes1,1,330,3.20823,0.0530954,320.823,1,1
Holmes2,2,330,1.77218,0.108177,177.218,1.81033,0.905164
Holmes3,3,330,1.23504,0.106754,123.504,2.59767,0.865891
Holmes4,4,330,0.954491,0.0774593,95.4491,3.3612,0.8403
Holmes5,5,330,0.784174,0.0468634,78.4174,4.09123,0.818245
Holmes6,6,330,0.672683,0.0292194,67.2683,4.76931,0.794885
Holmes7,7,330,0.606815,0.0268394,60.6815,5.28701,0.755286
Holmes8,8,330,0.673117,0.0597624,67.3117,4.76624,0.595779
Holmes9,9,330,0.700269,0.0195663,70.0269,4.58143,0.509048
Holmes10,10,330,0.667884,0.0154687,66.7884,4.80358,0.480358
Holmes11,11,330,0.640043,0.0235768,64.0043,5.01253,0.455684
Holmes12,12,330,0.609323,0.0234432,60.9323,5.26524,0.43877
Holmes13,13,330,0.585731,0.0222931,58.5731,5.47732,0.421332
Holmes14,14,330,0.566576,0.0142404,56.6576,5.6625,0.404464
Holmes15,15,330,0.555657,0.0222153,55.5657,5.77377,0.384918
Holmes16,16,330,0.547057,0.0290653,54.7057,5.86453,0.366533
Belikov,1,335,3.85533,0.0905303,385.533,N/A,N/A
Cunningham,1,335,8.21849,0.166768,821.849,N/A,N/A
Holmes1,1,335,3.29699,0.0398165,329.699,1,1
Holmes2,2,335,1.83657,0.133652,183.657,1.79518,0.897592
Holmes3,3,335,1.27371,0.108725,127.371,2.58849,0.86283
Holmes4,4,335,0.967193,0.0782043,96.7193,3.40882,0.852206
Holmes5,5,335,0.801141,0.0550909,80.1141,4.11537,0.823073
Holmes6,6,335,0.685734,0.042052,68.5734,4.80797,0.801328
Holmes7,7,335,0.626503,0.0489139,62.6503,5.26253,0.75179
Holmes8,8,335,0.599764,0.0595944,59.9764,5.49714,0.687143
Holmes9,9,335,0.725142,0.0108488,72.5142,4.54668,0.505187
Holmes10,10,335,0.684609,0.0159444,68.4609,4.81587,0.481587
Holmes11,11,335,0.647652,0.017262,64.7652,5.09068,0.462789
Holmes12,12,335,0.621123,0.0245628,62.1123,5.30811,0.442342
Holmes13,13,335,0.601034,0.0177768,60.1034,5.48553,0.421964
Holmes14,14,335,0.577972,0.0244534,57.7972,5.70441,0.407458
Holmes15,15,335,0.565696,0.0224336,56.5696,5.8282,0.388547
Holmes16,16,335,0.55949,0.0291437,55.949,5.89285,0.368303
Belikov,1,340,3.92493,0.133006,392.493,N/A,N/A
Cunningham,1,340,8.41294,0.12926,841.294,N/A,N/A
Holmes1,1,340,3.39537,0.0509032,339.537,1,1
Holmes2,2,340,1.87303,0.103047,187.303,1.81277,0.906386
Holmes3,3,340,1.33796,0.123762,133.796,2.53771,0.845904
Holmes4,4,340,0.999293,0.0670254,99.9293,3.39777,0.849443
Holmes5,5,340,0.819974,0.0536046,81.9974,4.14083,0.828165
Holmes6,6,340,0.709669,0.020456,70.9669,4.78444,0.797407
Holmes7,7,340,0.635695,0.0152406,63.5695,5.34119,0.763027
Holmes8,8,340,0.761382,0.0110879,76.1382,4.45948,0.557435
Holmes9,9,340,0.726877,0.0268681,72.6877,4.67117,0.519019
Holmes10,10,340,0.700764,0.0142244,70.0764,4.84524,0.484524
Holmes11,11,340,0.668256,0.0220387,66.8256,5.08094,0.461904
Holmes12,12,340,0.632918,0.0169802,63.2918,5.36463,0.447052
Holmes13,13,340,0.614449,0.0209419,61.4449,5.52588,0.425067
Holmes14,14,340,0.589387,0.018986,58.9387,5.76085,0.411489
Holmes15,15,340,0.576238,0.0229543,57.6238,5.8923,0.39282
Holmes16,16,340,0.56903,0.0209487,56.903,5.96694,0.372934
Belikov,1,345,4.09113,0.114636,409.113,N/A,N/A
Cunningham,1,345,8.75645,0.238756,875.645,N/A,N/A
Holmes1,1,345,3.5234,0.0455059,352.34,1,1
Holmes2,2,345,1.91915,0.104882,191.915,1.83592,0.917958
Holmes3,3,345,1.33967,0.0911276,133.967,2.63005,0.876685
Holmes4,4,345,1.04285,0.0858634,104.285,3.37861,0.844653
Holmes5,5,345,0.83688,0.0580979,83.688,4.21016,0.842032
Holmes6,6,345,0.723619,0.0381481,72.3619,4.86913,0.811522
Holmes7,7,345,0.645581,0.0281123,64.5581,5.45771,0.779674
Holmes8,8,345,0.770889,0.0141769,77.0889,4.57056,0.57132
Holmes9,9,345,0.72786,0.0238143,72.786,4.84076,0.537862
Holmes10,10,345,0.71658,0.019896,71.658,4.91696,0.491696
Holmes11,11,345,0.679968,0.0149699,67.9968,5.18171,0.471065
Holmes12,12,345,0.647037,0.0173317,64.7037,5.44543,0.453786
Holmes13,13,345,0.623558,0.0206193,62.3558,5.65047,0.434652
Holmes14,14,345,0.60597,0.0184982,60.597,5.81447,0.41532
Holmes15,15,345,0.584535,0.0222402,58.4535,6.02769,0.401846
Holmes16,16,345,0.586694,0.0317082,58.6694,6.00551,0.375344
Belikov,1,350,4.21647,0.0949688,421.647,N/A,N/A
Cunningham,1,350,9.1097,0.168022,910.97,N/A,N/A
Holmes1,1,350,3.60799,0.046217,360.799,1,1
Holmes2,2,350,1.95833,0.12705,195.833,1.84238,0.92119
Holmes3,3,350,1.40325,0.129212,140.325,2.57116,0.857055
Holmes4,4,350,1.07882,0.0860868,107.882,3.34437,0.836092
Holmes5,5,350,0.881725,0.0776819,88.1725,4.09197,0.818393
Holmes6,6,350,0.749022,0.0411568,74.9022,4.81693,0.802822
Holmes7,7,350,0.665931,0.0271625,66.5931,5.41796,0.773995
Holmes8,8,350,0.716874,0.0964111,71.6874,5.03295,0.629118
Holmes9,9,350,0.772747,0.0241979,77.2747,4.66904,0.518783
Holmes10,10,350,0.734837,0.0144651,73.4837,4.90992,0.490992
Holmes11,11,350,0.69057,0.0150437,69.057,5.22465,0.474969
Holmes12,12,350,0.656567,0.0206996,65.6567,5.49523,0.457936
Holmes13,13,350,0.637236,0.0178321,63.7236,5.66194,0.435533
Holmes14,14,350,0.61803,0.0170619,61.803,5.83789,0.416992
Holmes15,15,350,0.595138,0.0250327,59.5138,6.06244,0.404163
Holmes16,16,350,0.58865,0.0303089,58.865,6.12926,0.383079
Belikov,1,355,4.28377,0.111624,428.377,N/A,N/A
Cunningham,1,355,9.30613,0.186824,930.613,N/A,N/A
Holmes1,1,355,3.72258,0.0556249,372.258,1,1
Holmes2,2,355,2.00545,0.159604,200.545,1.85623,0.928117
Holmes3,3,355,1.38215,0.0671003,138.215,2.69332,0.897775
Holmes4,4,355,1.08938,0.0842386,108.938,3.41714,0.854286
Holmes5,5,355,0.89085,0.0574389,89.085,4.17868,0.835736
Holmes6,6,355,0.766415,0.0436076,76.6415,4.85713,0.809522
Holmes7,7,355,0.688021,0.0406746,68.8021,5.41056,0.772937
Holmes8,8,355,0.821813,0.00809347,82.1813,4.52971,0.566214
Holmes9,9,355,0.761244,0.0258906,76.1244,4.89012,0.543347
Holmes10,10,355,0.745628,0.0154422,74.5628,4.99254,0.499254
Holmes11,11,355,0.712975,0.034323,71.2975,5.22119,0.474654
Holmes12,12,355,0.677748,0.0286815,67.7748,5.49257,0.457714
Holmes13,13,355,0.648928,0.0143831,64.8928,5.7365,0.44127
Holmes14,14,355,0.629669,0.021054,62.9669,5.91196,0.422283
Holmes15,15,355,0.611293,0.0201033,61.1293,6.08968,0.405979
Holmes16,16,355,0.595872,0.0257233,59.5872,6.24728,0.390455
Belikov,1,360,4.40666,0.132669,440.666,N/A,N/A
Cunningham,1,360,9.52771,0.198931,952.771,N/A,N/A
Holmes1,1,360,3.82443,0.054364,382.443,1,1
Holmes2,2,360,2.0425,0.0720835,204.25,1.87242,0.936211
Holmes3,3,360,1.41173,0.0925678,141.173,2.70905,0.903016
Holmes4,4,360,1.1229,0.0896336,112.29,3.40584,0.851461
Holmes5,5,360,0.90713,0.0624924,90.713,4.21597,0.843194
Holmes6,6,360,0.78175,0.0435939,78.175,4.89214,0.815357
Holmes7,7,360,0.707918,0.0532114,70.7918,5.40237,0.771767
Holmes8,8,360,0.78509,0.0931103,78.509,4.87133,0.608916
Holmes9,9,360,0.790252,0.0275652,79.0252,4.83951,0.537723
Holmes10,10,360,0.772485,0.0238296,77.2485,4.95082,0.495082
Holmes11,11,360,0.725535,0.0149272,72.5535,5.27119,0.479199
Holmes12,12,360,0.690207,0.0159047,69.0207,5.54099,0.461749
Holmes13,13,360,0.666667,0.0211228,66.6667,5.73665,0.44128
Holmes14,14,360,0.639184,0.022239,63.9184,5.9833,0.427379
Holmes15,15,360,0.622026,0.0173524,62.2026,6.14835,0.40989
Holmes16,16,360,0.608388,0.0249909,60.8388,6.28617,0.392886
